gene,p_value,t_value,df
G0001,0.5137324896021278,-0.6533001692431115,884.8937852346695
G0002,0.7628786285076603,-0.3018723744565467,485.47176913656267
G0003,0.3571717723787766,-0.9213251581527082,763.3419281735263
G0004,0.8611985287082502,-0.17493517135221798,521.044105320738
G0005,0.8083085603232072,-0.24269136630518456,776.8038680290126
G0006,0.8794178223878302,-0.15178148230586858,522.9620942500654
G0007,0.8723345799105551,-0.16079685236686447,400.0053941684864
G0008,0.7744384899735408,-0.2866872436008423,685.0476596912365
G0009,0.6765996615260623,-0.4173140951006181,593.2274303429897
G0010,0.7302693010257422,-0.3448901629582671,785.2468456879859
G0011,0.6841331318573265,-0.40707015667439067,493.02116606036805
G0012,0.557291773720137,-0.5871718036439229,651.4260049878202
G0013,0.7213764971120304,-0.3567931744011633,579.6228216178649
G0014,0.7503054126986373,-0.3183763924357446,627.2882676306721
G0015,0.5404871146120809,-0.61233065001163,828.0868620593876
G0016,0.6443412445700747,-0.461830823999213,724.700947298463
G0017,0.41827798265517746,-0.8098236205116691,814.8209382393087
G0018,0.7428405500024367,-0.32824927535447934,585.4900742950884
G0019,0.7072014049408704,-0.37585425386394444,452.46422771453825
G0020,0.8559161922492264,-0.18167038219577414,492.25714001020077
G0021,0.7407603888053473,-0.33099237674335297,629.5040500052482
G0022,0.7918605150919407,-0.26400911308886427,620.7801524334278
G0023,0.7822486368196773,-0.27651597424049706,589.9587483954008
G0024,0.8809760199710923,-0.1498102644529127,489.4691439806641
G0025,0.8631434042740804,-0.1724806392244782,416.7848839397523
G0026,0.6245497430882825,-0.4896714473234954,585.741417849595
G0027,0.8359446622530775,-0.20717208347969818,609.5136396371993
G0028,0.7366081248488032,-0.3364576796446671,857.0213908909557
G0029,0.7204745593413002,-0.3580361419260488,477.2718182188849
G0030,0.6257215827688767,-0.4879666474309081,722.1488934855475
G0031,0.6349352698687918,-0.4749481083262115,931.708648348453
G0032,0.44980767819625855,-0.756007070809266,1094.202481774101
G0033,0.650234605175918,-0.45359859964318705,842.2668400376657
G0034,0.6029996654012693,-0.5203044443932595,776.7283057164556
G0035,0.0,13.006067318762494,6795.956851558779
G0036,0.6223569468070507,-0.4927057696457643,792.6720541790457
G0037,0.7610188133614395,-0.30427508585210855,629.9208433598926
G0038,0.5417235513339378,-0.6104923631662489,738.3990996530499
G0039,0.7340774913835371,-0.3398522696097686,650.4689765143164
G0040,0.7425934923500419,0.32852026672948964,914.9825596992565
G0041,0.8995476963946869,-0.12631918600875566,371.00980398316744
G0042,0.5800394471858603,-0.5535716671240349,739.0627515063587
G0043,0.7125285220291113,-0.3685761905158172,919.1226251014225
G0044,0.5054787895049153,-0.6660992857396111,1171.4285205232136
G0045,0.7263708129598738,-0.3501749638203435,451.1679241667856
G0046,0.7266543701164878,-0.3497213300467702,691.2150543050394
G0047,0.7758682196691076,-0.2848242787189146,659.2546868668111
G0048,0.7212580165422591,-0.356921927189087,698.7328777123782
G0049,0.5677510185978285,-0.5715729856271252,919.2922113964354
G0050,0.7680036007227948,-0.295134497160486,544.6793903826251
G0051,0.7807893641303298,-0.278428281005241,544.242254491313
G0052,0.0,21.77852589821397,8689.912298886562
G0053,0.6183918918441051,-0.4983361178369151,757.0777954206599
G0054,0.48044656139875963,-0.7060918818318185,521.0887889981443
G0055,0.5283153466775232,-0.6308218519648137,910.3491040877568
G0056,0.5741229231613794,-0.5621942954745571,904.6013862643343
G0057,0.6567208571021879,-0.44462417069619625,743.0202581894179
G0058,0.6485504272576637,-0.45595152507103326,788.2151305523315
G0059,0.6737690078438856,-0.4211887429590944,596.405525048631
G0060,0.8915170682228497,-0.1364412827564391,615.3096949046505
G0061,0.6526846683054428,-0.45018215690589364,924.2844428123614
G0062,0.5375027304096403,-0.6167943923684606,1060.5597778150275
G0063,0.6964852230272758,-0.3902593211426375,591.815148648225
G0064,0.8257306940576212,-0.2202720665244676,629.4597937880837
G0065,0.4715996427588074,-0.7202927391061745,660.3766528624853
G0066,0.802357739706463,-0.250454294605941,422.6751208014647
G0067,0.400837489602897,-0.8413337148857716,297.1757955560546
G0068,0.841068915983771,-0.2006400849907395,458.83195543939274
G0069,0.8867933451845298,0.14244141559751194,462.7681404333778
G0070,0.674361404040829,-0.4202925772096049,1006.9287642241048
G0071,0.6249761160142211,-0.489064844369729,594.6657522811302
G0072,0.7866567801287148,-0.27078391161962156,561.2892112890696
G0073,0.7750881044229536,-0.28584759083534933,634.8179840449103
G0074,0.7445031879559041,-0.3260119982005224,775.8606707492643
G0075,0.67849312265882,-0.4147266080068898,588.7518379786931
G0076,0.6964617556132682,-0.39027445761457136,648.5496345056706
G0077,0.6845431819838037,-0.4064841354795897,556.5017078947519
G0078,0.9311770453331061,-0.08644131020219487,281.5736666537588
G0079,0.9942342680081957,0.007228400880342506,875.2116875160657
G0080,0.7710817332665247,-0.29111957603122585,495.316413188141
G0081,0.8938878641808603,-0.13343986182181547,634.0231565942131
G0082,0.8076905644177885,-0.24348858512491253,784.7153105262854
G0083,0.6915430364083952,-0.3970310033194352,426.8503934362566
G0084,0.68918599286769,-0.4001702443106895,551.8219402842107
G0085,0.7051260166652895,-0.3785700621993639,676.0013411926071
G0086,0.4567637568739924,-0.744426707644237,1202.974148642454
G0087,0.7901952910283885,-0.26621240943086805,458.5268718652711
G0088,0.7460497711855636,-0.323981435498533,693.515249876365
G0089,0.8223683678453348,-0.2246375361819833,428.3884140897179
G0090,0.7357319877072164,-0.3377022975782646,490.60210492729794
G0091,0.49895984487391276,-0.6764215351530121,837.3364707421279
G0092,0.9131054478241807,-0.10917540245601665,520.4756201958365
G0093,0.2629781950004835,-1.120555650471172,536.7197915894706
G0094,0.7685776566643794,-0.29435419396398393,675.7858817979004
G0095,0.7787359836460017,-0.28109004397658044,614.3222046759563
G0096,0.6110421335027065,-0.5088296591143006,658.240002035498
G0097,0.7991658414995264,-0.2545291847531162,661.685170329794
G0098,3.126541514575365e-08,5.552667194481443,2376.173060075729
G0099,0.6825914048152284,-0.40906205706681503,900.3573633418179
G0100,0.8275071348885863,-0.21799472351075364,601.6717509244974
G0101,0.831084073262534,-0.21337613043009576,861.6339435507673
G0102,0.29122082979165564,-1.0589884042535265,158.04926256973107
G0103,0.7363394950077815,-0.33693694582353645,403.7743953967114
G0104,0.6188977591530789,-0.4981274091405248,217.40841611619553
G0105,0.5886996551321269,-0.5410005093326895,626.1012344484544
G0106,0.6765471191923194,-0.4174236801933825,501.66715482546704
G0107,0.6756307706976332,-0.41857569464571326,859.9460365822437
G0108,0.521406517391358,-0.6414609426112646,802.0259816579544
G0109,0.6126978475972149,-0.5064463032745536,722.6608375873514
G0110,0.6254793451718985,-0.48824272240903677,1055.4234327060062
G0111,0.7757109449664696,-0.2850713094170444,486.0235278615369
G0112,0.8224948187822796,-0.2244372424941063,589.8303863811276
G0113,0.3571380122995287,-0.9214351823820678,706.0262254376186
G0114,0.7471622041066115,-0.32251276675467755,688.3112074727266
G0115,0.7863507902613687,-0.2711627794521073,658.7155038545725
G0116,0.6803103712604051,-0.41223890187452944,604.9235259630351
G0117,0.7140966655822618,-0.36654893864947646,549.2289010706763
G0118,0.6638690640527369,-0.43485730680261553,461.98018314130803
G0119,0.7036565096882978,-0.3805706901511871,600.0874200045213
G0120,0.797442869000855,-0.25672905397078233,961.4178875367646
G0121,0.6806766883907545,-0.4117556804881886,557.773020284754
G0122,0.35979592709646413,0.916004533352979,1680.681375293982
G0123,0.5860273981572814,-0.5449000968413238,592.1137299644112
G0124,0.8782076109769257,-0.15331767520174183,516.772683553631
G0125,0.821246227350948,-0.22606697732369616,476.68003492258003
G0126,0.29263658762001676,-1.0529514540829599,930.5065838959721
G0127,0.6133296082250268,-0.5055066342764098,880.1276656805364
G0128,0.5909816154990117,-0.5377015941711563,602.526768671885
G0129,0.6150165119267643,-0.5031215453926221,804.617048681707
G0130,0.8840440345749254,-0.14590736121794282,593.8274909237159
G0131,0.7765099696022333,-0.2840388224047656,454.5420379178643
G0132,0.7576833734355342,-0.3086862725573158,521.8664142592994
G0133,0.8246129409208376,-0.2217189078002381,564.1679658127682
G0134,0.6333993228302703,-0.4772273298074106,523.7520963011441
G0135,0.43993573045853074,-0.7727394786643704,704.5398845580448
G0136,0.6672937715650751,-0.4300590610278402,656.6692591835638
G0137,0.833723026961509,-0.21002607562026587,565.0601887505152
G0138,0.7744208757759283,-0.28677350806441926,439.55225852788345
G0139,0.7361353503528381,-0.3371084565837718,705.8840133928788
G0140,0.7233569350282307,-0.3541375577104121,616.2422572320844
G0141,0.5695523468395951,-0.5690770012265796,514.2422185652787
G0142,0.8174398477349416,-0.23093963541167611,604.4266637129748
G0143,0.8152295195540584,-0.23377427842177018,690.3995060052919
G0144,0.7514146589612936,-0.31687667019207005,853.6828052331381
G0145,0.3555952537769398,-0.92436431110788,746.7798896784827
G0146,0.6718592810502759,-0.4238174933493986,568.3102281507247
G0147,0.0,10.904628266731248,3711.101455425047
G0148,0.38499444432560503,-0.8707149394981094,192.48309155066474
G0149,0.7135068951620189,-0.36791163853968134,137.00727550897912
G0150,0.6493670211125542,-0.45483893046640256,695.6658791741307
G0151,0.8985674755651989,-0.12755808941979305,372.80511889728024
G0152,0.7625919739740621,-0.30217867281138405,825.5387741313546
G0153,0.6628271166866835,-0.436206631897778,671.0416042298953
G0154,0.9557082805410866,0.05556916167010625,477.3880258462712
G0155,0.6260702348008649,-0.48748693214065913,680.8032975825917
G0156,0.7584451271190766,-0.3076660676226902,589.4062809282344
G0157,0.7387482942722845,-0.33366030997752827,622.334418801122
G0158,0.7946752666107426,-0.2603501913252436,656.7336207857095
G0159,0.6097555758132076,-0.5106626598268785,669.700217541872
G0160,0.9206335972592665,-0.09968931435196665,468.8195155588863
G0161,0.7397324421260092,-0.3323610221644861,601.5807574588725
G0162,0.6277420980963195,-0.48505800627006945,993.8232192699039
G0163,0.6250483444788899,-0.4888544528466753,1034.6718236927534
G0164,0.6320617041253493,-0.4790025926021514,838.2879948128908
G0165,0.4112779899372525,-0.821934986597945,1194.0447755879986
G0166,0.8966016522863225,-0.1299930743240944,878.8490433486135
G0167,0.6579425056934829,-0.4429788787662445,593.2031607774328
G0168,0.7182060225463296,-0.36101974378993695,628.3975257893347
G0169,0.5940166564062554,-0.5331792540308951,1105.6200744897737
G0170,0.9892040945061271,-0.013535775624059904,719.726032797095
G0171,0.5816893989066361,-0.5510892464594233,1053.033748154839
G0172,0.8089086557906868,-0.24195188164365997,543.8389148244028
G0173,0.7630838803367102,-0.3015827883724814,551.1692577751298
G0174,0.8463496056172595,-0.19385538727093787,650.8154666343654
G0175,0.8060478547589038,-0.24564444666645224,557.6724010625587
G0176,0.8039467502064173,-0.24833015036472234,752.2234337842854
G0177,0.44990472903115575,-0.7560251420762614,657.904666608838
G0178,0.5006184348871487,-0.6737779966017895,938.1277000648915
G0179,0.8277675747220832,-0.21763415499613653,831.3353228501558
G0180,0.6919728715399602,-0.3963848334779293,557.3237801262196
G0181,0.7997554731508296,-0.25379598567257267,509.9265245811228
G0182,0.7181681405681117,-0.36103937969171074,777.0619056051912
G0183,0.5530070120783979,-0.593551043848877,689.7757519307377
G0184,0.5110212237443434,-0.6575216786346552,861.2364493573699
G0185,0.5765315705795988,-0.5586977151237802,764.8256854714461
G0186,0.7418788056741428,-0.3295266078611517,569.6940435850315
G0187,0.6930157194667386,-0.3948937088326108,892.1858519602768
G0188,0.6093005870357535,-0.511224733131442,1055.8301763403076
G0189,0.6744361753341972,-0.4202246817079159,786.0155667233199
G0190,0.8140719525246389,-0.23528184522266216,587.637478197932
G0191,0.25747180329993546,1.1331443064655824,853.6550571479793
G0192,0.6109775617934226,-0.5090773402349966,401.64664276723283
G0193,0.6921032896323895,-0.39620893582804295,554.5938640193151
G0194,0.8376474439968891,-0.20498484618736307,657.1056116249554
G0195,0.6718989209913366,-0.42372372318977203,692.3284573116265
G0196,0.7890892791920519,-0.26763395289621317,510.06871160872197
G0197,0.5681402863118765,-0.5710720584998026,677.0950890449637
G0198,0.5669077093469239,-0.5729570939139244,550.4613044921276
G0199,0.4392316632878748,-0.7738667959158765,823.5064087685838
G0200,0.6608733579004036,-0.43891670654024956,625.9236936883938
G0201,0.8367096247327206,-0.206195792491974,585.7282170569244
G0202,0.7481017881699874,-0.32128673121881557,617.7138897830263
G0203,0.5197981643047429,-0.6438833473371515,1003.806406431839
G0204,0.5983921294767458,-0.5269708248892587,655.517356831617
G0205,0.5206792695942646,-0.6425533805018504,890.8503323584853
G0206,0.5904592564074491,-0.5384004641807545,755.1861497273924
G0207,0.8559108703522404,-0.1816465396220151,725.3555272462756
G0208,0.7178921493394639,-0.3614106737080348,765.8604865225564
G0209,0.5426329760287798,-0.6090810194530565,852.6839231423379
G0210,0.5974184053235634,0.5282303710671086,1484.4899485869862
G0211,0.5478032413734772,-0.601274898759239,931.2028607762144
G0212,0.6887247414049416,-0.4007632531715467,656.9334768741941
G0213,0.7841407527942366,-0.27405220578498796,587.9695547027816
G0214,0.4568547784831736,-0.7445433999184463,569.7401776328674
G0215,0.7181006957589413,-0.361224825510946,450.57763635569444
G0216,0.6976783510835256,-0.3885925982771609,820.5237338164561
G0217,0.6967993955013094,-0.3898814450853061,473.85371659463806
G0218,0.8033713186236362,-0.24906398133167335,851.9934005896815
G0219,0.7615040721931603,-0.30365405961813785,560.8632645804659
G0220,0.6300360806255534,-0.48185811332642603,815.1777007432677
G0221,0.7156245790685865,-0.36446300772753776,686.1819693556611
G0222,0.6865837838897897,-0.4036850228740893,618.9373518202322
G0223,0.5620781142704425,-0.5799826011399646,860.8545728193676
G0224,0.6682912699873502,-0.42870165413218003,611.7425569995222
G0225,0.5019616564066407,-0.6723599197693797,255.7145750295857
G0226,0.7170148263141924,-0.36269775152890776,416.1246473730888
G0227,0.8563879524692284,-0.18106909366012391,491.7107236083223
G0228,0.7001092370290043,-0.3853817149380476,530.0386457218863
G0229,0.6178917591444084,-0.4990604953261572,708.1559243717086
G0230,0.8519773331252201,-0.1867064072431161,437.72634251148355
G0231,0.8342802564811338,-0.2093205385504538,518.3527373793969
G0232,0.5168804736900205,-0.6484073778463313,936.3614093074605
G0233,0.4603738111328264,-0.7387895641298579,511.2587395562954
G0234,0.5061548407335756,-0.6652336564722301,604.3518275544388
G0235,0.5928827492208142,-0.5349156278479031,681.2423810279328
G0236,0.5400566739588235,-0.6130227219000245,713.4617892936797
G0237,0.6300990884776461,-0.48174440338668784,944.8469025550208
G0238,0.5954852723036077,-0.5311168105591529,799.9100892612136
G0239,0.6265703169531054,-0.4867298407625338,884.9545358637697
G0240,0.6475259494345642,-0.45741999588779836,633.7934282360286
G0241,0.6256229210326201,-0.4880760372446965,842.8836443199955
G0242,0.8421085565246029,-0.19927700989372993,648.1838439220962
G0243,0.6074331939776774,-0.5140978748637672,454.92042808073
G0244,0.7099195881891958,-0.3721228604810124,666.9121201197111
G0245,0.8172422776091262,-0.23120776709069357,532.0764188170449
G0246,0.3254429737408704,-0.9838351737432592,965.7304217215244
G0247,0.8568296790133882,-0.1804870742240538,614.791162413341
G0248,0.7943585007915464,-0.26077060473024377,602.6117022386692
G0249,0.4808451899707453,-0.7053338041104424,676.8413227191726
G0250,0.6113165755678747,-0.5084379626668961,658.2936679325434
G0251,0.9069037791083927,-0.11700567136024234,487.1703361266332
G0252,0.6904889072918765,-0.3983680823349457,653.9589501127041
G0253,0.7657624943589618,-0.2980696203116945,550.4805887727885
G0254,0.7527603891384129,-0.31510700429294547,821.9496904489646
G0255,0.602746658389083,-0.5206614200216119,800.3600080693502
G0256,0.5333753869525604,-0.6232840503617515,512.061082512528
G0257,0.3557564893200631,-0.9239447542340129,923.2550017315958
G0258,0.8531390072242764,-0.1851843435466412,688.2371585287276
G0259,0.4596029378122579,-0.7399989165631904,574.5028356956198
G0260,0.5560603169741603,-0.5889132104331978,944.4588940032934
G0261,0.7567531109102517,-0.30989030043343446,593.7490535643917
G0262,0.7618211804677193,-0.3032090422064542,695.8863972218653
G0263,0.5261259939327945,-0.6341720568413717,921.1395339588092
G0264,0.39523619660178966,-0.8505540822907166,929.3037900485082
G0265,0.7928454892913577,-0.2627152646706363,717.2800617722853
G0266,0.6551227332280938,-0.44684351120209687,718.3646329041713
G0267,0.6681481137710437,-0.42883537560077406,878.9323933036728
G0268,0.7231232771001248,-0.35442547105284755,723.8293101278671
G0269,0.791820539912595,-0.264030457381415,848.7965931999886
G0270,0.9856763984961301,0.017958219323079068,850.0067686104221
G0271,0.6412403721928144,0.46604289907910995,1826.266083633474
G0272,0.813380172693349,-0.23618483680098662,531.8532756622056
G0273,1.8692589009994265e-07,5.224183066758688,2991.3719889244417
G0274,0.7030893388316022,-0.38144483753482283,374.8066756858487
G0275,0.5391057422461674,-0.6144724780928872,689.8997731924338
G0276,0.7201091318082469,-0.3585019515171258,534.9800672829062
G0277,0.7404223513924495,-0.33142407975688787,707.2921507949189
G0278,0.6641894300708653,-0.4342984495787528,795.96535069978
G0279,0.7737362037155233,-0.28761515101890345,628.1750257690956
G0280,0.0,9.049871062956376,3931.7825160237967
G0281,0.7289696891568895,-0.3466055772549358,888.8712493331279
G0282,0.5233336866699565,-0.6384984282768082,792.7493126271772
G0283,0.7711261594996177,-0.29101710251565216,686.3435776927515
G0284,0.6181978326818323,-0.4986387232138618,668.9586789486486
G0285,0.4660014275971691,-0.7293540874846489,789.4454120433836
G0286,0.39087418211806635,-0.8583373840503803,1224.4180348730856
G0287,0.6587482226157102,-0.4418277051261138,711.0698696854599
G0288,0.6841212832966668,-0.40705989597377534,553.7849151798969
G0289,0.9704495222044001,-0.03705451637533846,926.2246904555565
G0290,0.8234054447731998,-0.22333691797364344,345.0827995986159
G0291,0.9064428975727412,-0.11756861761072143,706.2766706896441
G0292,0.5883777681006896,-0.5415216512857682,525.0788931655236
G0293,0.6128589902126846,-0.5061546257918239,1006.116126991886
G0294,0.7506448971238566,-0.31793287574995477,608.6830933004934
G0295,0.3161187712210034,-1.0042987461146988,274.60410258462326
G0296,0.5643107092037698,-0.576619759656077,1134.7273998883643
G0297,0.6290527770047141,-0.4832405593405043,827.4542389110582
G0298,0.6666584468329648,-0.430878660721842,911.7238319309287
G0299,0.5579744411167553,-0.5861552598820569,650.7149919313238
G0300,0.5819881397413367,-0.5508310519439867,515.4750596398902
G0301,0.6244654595923547,-0.4897272878018077,775.1100719959312
G0302,0.7910693944637694,-0.26501167226726186,792.3675609369008
G0303,0.6941333146069746,-0.3934206924653638,673.4043760475518
G0304,0.7357696741348576,-0.3376574867173013,477.58631961027515
G0305,0.36172973231639927,-0.912593506183218,804.5802463344087
G0306,0.40595049032151875,-0.8312999940622676,1356.3898655044925
G0307,0.747843234164637,-0.321671106444722,475.46506982390326
G0308,0.2978590740953493,-1.0431369586329375,258.58958685471134
G0309,0.7799998276846565,-0.279453370879563,561.47172216509
G0310,0.7828351574975707,-0.2757363712224602,673.3414008885302
G0311,0.8564266908573768,-0.18098825874151508,734.9351747826099
G0312,0.7800424654639295,-0.27936821795582173,720.2061025754025
G0313,0.6550778765294656,-0.44691879718312694,671.1291636913493
G0314,0.7353233825735868,-0.3382645644975026,444.9264639680673
G0315,0.8975374474459055,-0.12884117989921767,478.57436606867793
G0316,0.7806863346997139,-0.2785569737515443,567.3331614029026
G0317,0.6459519211353486,-0.4595922521818704,698.5258975843531
G0318,0.7828335788479202,-0.27573864710572105,672.0006175289093
G0319,0.5659698456252058,-0.574244618306385,770.6636914122182
G0320,0.7728161944652199,-0.28881321655681724,651.4528331947348
G0321,0.96836171092495,-0.039679411925199866,609.413227789515
G0322,0.5126808514138941,-0.6550752087858558,575.9953247645896
G0323,0.4581417960093217,-0.7421968938760987,1003.1220031921646
G0324,0.7823101366131953,-0.2764574434890056,503.7194386945951
G0325,0.6775894860227587,-0.4159556813215087,606.8566129228418
G0326,0.7590372815495043,-0.3068474257004854,821.3577595318609
G0327,0.6727069840127125,-0.42255258906461324,1065.4484766311048
G0328,0.5228168843791674,-0.6394395958266688,523.1617468651851
G0329,0.7062414747640124,-0.3770245353375089,929.0088942462386
G0330,0.7087845592025919,-0.3736420782141185,695.0717194693717
G0331,0.6698829381084392,-0.42648811068084475,702.1132857751619
G0332,0.6778823839111734,-0.4155385018973556,662.0303016840935
G0333,0.5515444825541302,-0.5957925382834572,584.4368672199715
G0334,0.5771783379735242,-0.5577277580860823,843.1823430686782
G0335,0.5012738445960487,-0.6727870019241687,813.6015858948492
G0336,0.6828113017435924,-0.4087965436528663,715.4996438616528
G0337,0.8682329388217673,-0.16601319726479005,388.4339141415304
G0338,0.8936266900421141,-0.1337884051321484,473.91286043954017
G0339,0.7223253376008767,-0.35551871021316567,603.1024648313285
G0340,0.7949179561608879,-0.2600642223826113,516.0813300393427
G0341,0.6953958455867606,-0.39166866923547905,899.1625241353989
G0342,0.6646327469792173,-0.43370697403328967,711.2978951382279
G0343,0.7540771747541626,-0.31341498356742814,584.6908582431997
G0344,0.35629306607995614,-0.9266337893767639,102.5169280262059
G0345,0.7956334452973184,-0.25908525276954414,833.3619416866735
G0346,0.7050482795686852,-0.37867619129375285,670.0958119268363
G0347,0.7932370281871881,-0.2622261188577163,600.6209556334842
G0348,0.7394202253863424,-0.3327275162228025,869.0080692349086
G0349,0.2049503584518284,1.2680845463615191,1616.5589311875437
G0350,0.664364124073888,-0.4341204739507939,573.8684478047819
G0351,0.7360582181429243,-0.3371867208096283,862.1222964094707
G0352,0.8424755517006557,-0.19880876607969017,639.2528802923921
G0353,0.7912774629125896,-0.2647725373994051,588.107119498826
G0354,0.3855609029891993,-0.8682432295302804,694.9858364202247
G0355,0.8173490519501905,-0.23101430967578165,1041.64110058634
G0356,0.7736366216175146,-0.2877387245630564,663.3030360532225
G0357,0.6634298601578457,-0.4353371071502944,837.9514154283437
G0358,0.6401637051065769,-0.4676599908186752,749.4743510738178
G0359,0.6126185434346749,-0.5065859182942295,644.8818082121833
G0360,0.7409480785827611,-0.3308159727139362,420.9965038425491
G0361,0.5032025927248456,-0.6697381436892569,869.2487565554154
G0362,0.26311224300812586,1.1196710823836729,1040.9034730322942
G0363,0.6541635869651503,-0.4481595616604201,773.2398920778571
G0364,0.5056274544264854,-0.6661038750815715,543.2585620478696
G0365,0.7754964998399827,-0.2854325692156822,321.60270380572496
G0366,0.7049666670804478,-0.37874169816259395,924.2646294361751
G0367,0.6427856828165743,-0.4641089284768686,467.6243445552906
G0368,0.6031854893773854,-0.5200177501358805,857.0662094108891
G0369,0.5238304332113148,-0.6377012819972246,899.5487090187746
G0370,0.5695699843809883,-0.5688895034252617,919.9399265490645
G0371,0.7939456644779204,-0.26132483104550813,519.112562574692
G0372,0.6291629435678878,-0.4832093812351612,489.9194956522347
G0373,0.8650950894682103,-0.16996196989832107,624.4888962676793
G0374,0.05121043330384456,1.9517693399853546,1138.8317713410038
G0375,0.48930443622999453,-0.6918115956506273,645.4248618776808
G0376,0.8232481382523602,-0.22348223992490315,519.0124590343677
G0377,0.8423087968046739,-0.19902837879158913,592.7341708960711
G0378,0.7833514915539954,-0.2750524381155873,752.1190014521268
G0379,0.8159746186898631,-0.23281814184884767,661.714078124158
G0380,0.674237306868259,-0.4205170352771924,697.5165175820187
G0381,0.8040722474487203,-0.24819377663272646,580.537579855149
G0382,0.6072541135416807,-0.5141896381241877,843.3701248674661
G0383,0.6190116928399374,-0.4974880137960582,655.8698743559772
G0384,0.6890649201653387,-0.4002531320185203,901.4044454788545
G0385,0.9955621169882183,-0.0055638328571184555,798.0805925350086
G0386,0.7958266872455293,-0.25886902298762593,589.3492787120883
G0387,0.7215670757885382,-0.3565097397267633,694.9198225707912
G0388,0.7440586838384777,-0.32657471465737203,988.7655147954596
G0389,0.6610053828910214,-0.4387732151574828,527.9157531309678
G0390,0.6678445496455507,-0.4293090101504623,632.5248931861133
G0391,0.6007610001752388,-0.5236000867276864,567.839317339098
G0392,0.8060134184495171,-0.24567210272263304,651.6856319791236
G0393,0.5309807821268273,-0.6267784184358275,811.4665929976138
G0394,0.47190952901864414,-0.7197535703069456,722.3885530065045
G0395,0.9331160014937026,-0.08396083673915644,590.9865002339529
G0396,0.7594106887606147,-0.30642125001301823,503.1459501580324
G0397,0.8165927402591096,-0.2320257630036849,635.1513873938613
G0398,0.7368304177224223,-0.3361939316492051,666.6567517726302
G0399,0.6172242148183504,-0.5000326265949296,639.135699257333
G0400,0.5141324584992912,-0.6528835938289703,498.2402703461682
G0401,0.5884656878416581,-0.5412493298877693,927.6896909156925
G0402,0.47475243301966974,-0.7152041815404132,619.2674224005241
G0403,0.5966507564810919,-0.5300784893243516,198.22825808051962
G0404,0.8970479513265912,-0.12945041246527478,557.4751864311536
G0405,0.6200397974255729,-0.49603243141498155,647.7267452774179
G0406,0.5160835488797808,-0.649759399046663,632.500409509252
G0407,0.8192784449685464,-0.22856666657847438,642.6616428481063
G0408,0.6717884010571451,-0.42385514252039436,779.4588075813623
G0409,0.9322819980884245,-0.08501864697527436,480.2250595713185
G0410,0.5147139142649704,-0.6518846468270507,628.4652005079159
G0411,0.6272030694342363,-0.4858829030546331,696.2296855271985
G0412,0.7695066034983409,-0.29316756388449033,540.472907948996
G0413,0.7880251950934001,-0.26896419086072987,816.395987502908
G0414,0.6474688761136989,-0.4574635813419098,758.4923323137671
G0415,0.4442219168159107,-0.76542241392214,894.676523012475
G0416,0.7255705497347327,-0.35119402372799097,578.9868055194086
G0417,0.6893796054227819,-0.3998962288024958,582.2698021092195
G0418,0.6567058655028937,-0.4446576725878212,693.6625536883269
G0419,0.6746828359155277,-0.4199208814972281,646.185520020937
G0420,0.862497592921319,-0.17328961906894325,475.06151065964866
G0421,0.8141592693045521,-0.235177267627728,546.3428124651504
G0422,0.0,9.61070838637567,4354.145225439884
G0423,0.7231398679748482,-0.354426076884129,621.2314764052808
G0424,0.6295447893704047,-0.4825294478401906,919.0486531106257
G0425,0.6959713896432627,-0.39095861917990715,580.0080843107262
G0426,0.5982622743233095,-0.5271415827132395,700.0603059885146
G0427,0.6095472202576246,-0.5110218591208333,533.3370837748478
G0428,0.6491917204260735,-0.4551369635498171,545.7225723940344
G0429,0.6037994678876237,-0.5191657630751504,744.3867211381446
G0430,0.3323010703708218,-0.971796510776364,204.27723832286304
G0431,0.7994519941238023,-0.2541776899740368,557.5652731943285
G0432,0.6963807524244179,-0.39048667029066436,407.5094062940533
G0433,0.6882793340899607,-0.4013356601690445,806.4384012054232
G0434,0.7138945575735356,-0.3668489049537723,476.5547282858991
G0435,0.5622530854998593,-0.57978848321045,666.8746459333404
G0436,0.3983755021812123,-0.8466460544679719,171.0334077830156
G0437,0.5302127811786645,-0.6279296387138139,880.8976790825618
G0438,0.5760775428393166,-0.5594163602557062,626.4465887675943
G0439,0.7275129691338005,-0.34859825554187157,601.2468972912068
G0440,0.531678800464805,-0.6257573769377227,697.4601729815977
G0441,0.4199379908255212,-0.8069509154908492,788.8403701176246
G0442,0.7829799482086393,-0.2756010753894923,453.74679464417716
G0443,0.5929381315512909,-0.534744297791328,1066.662374187304
G0444,0.7549647350243183,0.31218052590207135,1059.8874099685333
G0445,0.6955326356445712,-0.39150124688004817,787.8033626749267
G0446,0.5257910053481041,-0.6347283453584246,783.0543359890689
G0447,0.5860366093530458,-0.5449516761963489,486.2373547083986
G0448,0.7248202868887574,-0.3521721394874096,667.7412239838397
G0449,0.6818465226588271,-0.41014667290412526,592.8738532596155
G0450,0.4037217088300604,-0.8354519583205258,772.1745922096999
G0451,0.7318509828627677,-0.34276221927833056,978.3054807621469
G0452,0.6179746079819246,-0.49891918328954077,793.4523806912248
G0453,0.7059242541160362,-0.37753655604677416,536.3337502927292
G0454,0.82788528937637,-0.21750577346150796,624.1764374514559
G0455,0.5398105366788783,-0.6133567768801452,820.0610528138535
G0456,0.5443532584754607,-0.6065683206654995,637.8239583713005
G0457,0.558048442361883,-0.5859913273556272,791.2967186569078
G0458,0.8920878037192841,-0.1357313210659785,504.70880375151955
G0459,0.8487785349939578,-0.19073423363067937,865.7169727536206
G0460,0.9732820942390759,-0.03351017258334911,466.25363714803217
G0461,0.5960151646780454,-0.5303499725805899,807.2074496195362
G0462,0.4361165997911445,-0.7791121983318833,908.129784216075
G0463,0.730249026013055,-0.34491505569764014,798.8073799197351
G0464,0.7186015821325329,-0.36051367113889937,549.4630388370094
G0465,0.48142308658341504,-0.7043108178116961,891.8772931684196
G0466,0.7303412547943213,-0.34480804808441873,706.8266749703791
G0467,0.6467804100503622,-0.45839509844977366,890.8760564571106
G0468,0.8324552721757652,-0.21169327076560354,395.90387718613863
G0469,0.6759199848655393,-0.4182055581940195,729.057112194454
G0470,0.31234102044290313,-1.0108306262738558,1004.0955495849018
G0471,0.8381869746901363,-0.20433645152262914,431.2915433426564
G0472,0.5654990684416568,-0.5748926396376755,956.7311929122732
G0473,0.7058634462351856,-0.37824493647340524,130.45292811527017
G0474,0.2751478723033074,-1.0918548815028566,1047.8384611293284
G0475,0.595855756095522,-0.5305431631648695,978.6273009898447
G0476,0.8958574191669539,-0.1309505446507479,612.6318612540509
G0477,0.7960566064537788,-0.2585566509421314,671.1404896302652
G0478,0.7363898747343205,-0.3367733340750675,692.058004214376
G0479,0.6212916501704417,-0.49423390058615563,720.4826472261805
G0480,0.7615298084211719,-0.303630069290877,525.9764400861336
G0481,0.49222280752311787,-0.6871662692559359,650.6488603692458
G0482,0.7888500604865345,-0.2679245111708318,596.4076890711489
G0483,0.7966821440015395,-0.2577753539909967,520.630112166981
G0484,0.865750634294868,-0.16912476459007098,656.0960943374823
G0485,0.5166897701834019,-0.6493999000214344,244.39592604592022
G0486,0.850675282307559,-0.18834513100405903,552.3706574213409
G0487,0.8159298833702147,-0.2328817683808456,621.5470800014007
G0488,0.6488811093754645,-0.45581383364865885,276.90030135558885
G0489,0.6975085816666782,-0.3888717408720829,601.772504859758
G0490,0.7104897515356146,-0.3713327796793924,786.0286900387339
G0491,0.0,11.928264814849475,7429.437749128607
G0492,0.6713219220713487,-0.424509547166022,715.138807188243
G0493,0.8442788111412225,-0.1964862037945392,811.7313297120361
G0494,0.0,13.443531700785115,4373.122989244455
G0495,0.7279724123754945,-0.3479705615971394,664.981906280517
G0496,0.6779784764608081,-0.415340505673149,1038.1824370675417
G0497,0.7036427086681543,-0.3805568423021964,730.7329482612231
G0498,0.5806996144846504,-0.5526129617343946,721.5241287342053
G0499,0.7643874336874057,-0.2998407285879371,701.786690178427
G0500,0.4957529212221301,-0.681492859477475,816.5250847315975
G0501,0.7146404760083942,-0.3660457998407633,249.98808982838008
G0502,0.6936698044787728,-0.3940742266701168,585.1573709202661
G0503,0.6749636798340037,-0.41960249945293066,479.78868873036527
G0504,0.7183177332471065,-0.3613335101164179,163.11614157936987
G0505,0.542278997827573,-0.6097248973541405,589.5001181142107
G0506,0.6945894684356233,-0.3928370632106356,559.4359588668007
G0507,0.43925943620974905,-0.7737964159406274,878.2080580583759
G0508,0.6547849468483062,-0.44731554612674157,703.4355186477336
G0509,0.5955781813197683,-0.5310740305324446,559.6289901785009
G0510,0.11778504671253565,1.5649771577660925,1607.8543982419567
G0511,0.30724709751823487,-1.0216530750479316,818.2120011590831
G0512,0.45801748739038617,-0.7426201606358059,570.2175135475461
G0513,0.8443008869867548,-0.19648792194057849,549.8389172485386
G0514,0.5630382102143883,-0.5784756447876804,1368.642634780444
G0515,0.5657529837073576,-0.5745353114641378,876.8081231174092
G0516,0.8213786839111128,-0.22586168155154457,662.2844605071245
G0517,0.531694932532377,-0.6258458218509163,512.0368686197044
G0518,0.6708919574025662,-0.4250962620959783,728.9467105534367
G0519,0.6439229698380173,-0.46237617180353363,903.0109847164051
G0520,0.7083536392845904,-0.3741968749335261,828.1186958924998
G0521,0.9114499822428654,-0.111276673029385,421.0095738196434
G0522,0.7214469017481346,-0.3566801057398156,650.859794149859
G0523,0.8535495626097811,-0.18466600847456005,639.4159892408303
G0524,0.575046034774827,-0.5609191266968042,649.7958848582833
G0525,0.9112649385765286,-0.11147952600618585,775.7113252850911
G0526,0.6738695267411741,-0.4210363911679288,641.5184109943709
G0527,0.46983362419704755,-0.7231157615316561,751.956896870086
G0528,0.681300666973025,-0.4108588850521858,706.0916656973183
G0529,0.8324552247888892,-0.21164111627735802,632.3267577517267
G0530,0.6011025565696184,-0.5229916917029552,945.5864448237877
G0531,0.8730627554980457,-0.1598419285005837,564.6529656903645
G0532,1.5889000068991521e-06,4.808293434248322,3368.294861034129
G0533,0.37348115759895584,-0.8911993889510772,325.1711516981342
G0534,0.67803622699383,-0.4153132728129891,720.5420623052811
G0535,0.5123832715426992,-0.6554653230958409,700.9344951570515
G0536,0.9965929954767383,-0.004272045618988562,537.733711413892
G0537,0.701074439157999,-0.38401579671019204,757.9699689934032
G0538,0.876029862770618,-0.15608242414204143,509.59483747926936
G0539,0.5504768959998922,-0.597346791801678,672.6431918227208
G0540,0.6672343348274294,-0.43013352848618586,682.283917344178
G0541,0.5809379014640743,-0.5523233176068888,584.7466037726924
G0542,0.643249424334511,-0.46332518876173345,853.4329978282827
G0543,0.9429741541189245,-0.07157100983068865,463.9354922427988
G0544,0.5294993069220912,-0.629033231819984,835.18426466774
G0545,0.47086667979897,-0.7214808764842243,666.5924907124293
G0546,0.6812846979289411,-0.41086776100055744,764.1092372950714
G0547,0.970163187231883,-0.0374213718343715,527.5865951098539
G0548,0.4922217447085875,-0.6871112275719466,761.8324777950507
G0549,0.8141901150734725,-0.23512468058074024,615.9022137441082
G0550,0.7283155545514404,-0.34752193861077296,628.6715550404326
G0551,0.5266628924345484,-0.6334664408349464,619.4657202670687
G0552,0.7021718850874503,-0.38253350824247245,765.343334892478
G0553,0.8796132035901247,-0.15151595832858802,687.0085313010023
G0554,0.8259871233200424,-0.21995478506451902,555.8497298325303
G0555,0.7815095854275202,-0.2774390063466216,861.6147690491669
G0556,0.6425512395421524,-0.4642684263317314,1054.871919068187
G0557,0.6949961487272533,-0.3922621873269273,634.870918003913
G0558,0.6854049071105259,-0.4053277853031168,515.0046949706945
G0559,0.752901620182042,-0.3149289923232835,763.4609475401596
G0560,0.9141106543778734,-0.10792317324736922,400.6888589647839
G0561,0.6345088059753619,-0.47554877962434877,919.6446698790763
G0562,0.20363254755863025,-1.2731821035096647,435.54388316844353
G0563,0.5986313512419195,-0.526684356416019,534.3669986584248
G0564,0.5017957979668641,-0.672016847326979,696.5648771225395
G0565,0.42176832574605516,-0.8038019408570676,743.3654965075159
G0566,0.45846827954297553,-0.7418098322937815,655.4512365785872
G0567,0.00035640135691505925,3.576240086076338,2113.6788192518734
G0568,0.6654618966055725,-0.43255031661902327,774.5416267684916
G0569,0.8565420429726025,0.18084026904578088,746.4337524145197
G0570,0.0,14.364555005330725,5005.421843075596
G0571,0.7037236824207378,-0.38047696783761176,610.7381873168713
G0572,0.7432767543041772,-0.3276596749367827,636.4095762257346
G0573,0.6458022843810345,-0.45983433320611394,597.9484805860799
G0574,0.5485446124359563,-0.6003276452900628,529.766095262852
G0575,0.728812551299022,-0.34684233125112374,709.9676009951768
G0576,0.7267617137148266,-0.3495349908181278,994.4128417083306
G0577,0.7775695106757046,-0.28263090927587486,532.9764243324719
G0578,0.7633694315909043,-0.30129416746930154,349.36904000028295
G0579,0.8931831038531399,-0.13431924109693166,819.8733013463398
G0580,0.6346397252821236,-0.4753781312959771,849.2168173311309
G0581,0.7548126130149,-0.3124415209880992,605.2554369913486
G0582,0.6212827464208064,-0.49431633241180784,542.8927091458916
G0583,0.6209040327164681,-0.49482418080886453,604.4802090585954
G0584,0.8017236141471047,-0.2512072232902649,740.2675824028063
G0585,0.42648441731435094,-0.7973057375030679,156.12197047815806
G0586,0.48489017002113566,-0.6988169195712572,726.260886518681
G0587,0.7187393330164062,-0.3602658554476475,835.9748270202987
G0588,0.7866579451490616,-0.2708042829870849,480.12006194887937
G0589,0.501507897744276,-0.6732394226213895,218.05369460257253
G0590,0.6049277370416779,-0.5175782476452946,653.4140182690533
G0591,0.3963323638106304,-0.8487385243472143,664.6748643023891
G0592,0.6897822666006728,-0.3993461957338662,591.5501075756669
G0593,0.6340442552440098,-0.47622809111647707,785.8812211648815
G0594,0.5796983847247836,-0.5540335601427565,869.1726121839407
G0595,0.5173273816144979,-0.6477350945917587,869.0320228500765
G0596,0.7723462499902156,-0.2894271072201012,654.2218399480664
G0597,0.5838058444429657,-0.5479735333064595,1277.0087460768286
G0598,0.6330820600121068,-0.4775135722735312,1219.0512704671596
G0599,0.6951429243227811,-0.39208048028687503,579.4042746990369
G0600,0.4733752661874442,-0.7174664676201845,579.8084951324429
G0601,0.33947735342209073,-0.9557562747950075,819.1450490686427
G0602,0.7876112985117854,-0.26950155004857185,823.0604113050892
G0603,0.5893377001035685,-0.5401138062835849,548.6795002244696
G0604,0.034828586396168815,-2.123527535532588,219.5956892080676
G0605,0.5989373391214077,-0.5261982042160414,624.4272764841761
G0606,0.0034217449520501653,2.930221870153644,2221.8497514940564
G0607,0.5244656551494362,-0.6367482482053657,824.1555561834048
G0608,0.6498453007286609,-0.4541943607744085,630.307626686528
G0609,0.6230187423242106,-0.4919353746320125,425.4625184643296
G0610,0.5637615448109843,-0.5775833709111341,601.573195559575
G0611,0.7300259958880386,-0.3452648864788509,555.2583508995481
G0612,0.7730880723157827,-0.28847349066821215,576.1450770570932
G0613,0.600453969354652,-0.5239405928834474,865.6817791261641
G0614,0.5453549619001061,-0.6049524014441797,950.8528558237437
G0615,0.5607658456994788,-0.5819974230362193,664.3826073926978
G0616,0.486426475468438,-0.6964192615390521,621.9694052587463
G0617,0.7688949970932899,-0.2939647915766939,553.5552637048664
G0618,0.8907852886336711,-0.13737032863102744,585.7420915913032
G0619,0.8363698448985122,-0.20661081976234916,750.5538370921081
G0620,0.23175835935179934,-1.1969970847125975,629.3730916806364
G0621,0.5920895389075218,-0.5360721897308288,659.0386610801851
G0622,0.4368909007766639,-0.7785881339573496,275.3638455689075
G0623,0.5671374553276758,-0.5725085234328279,804.557980979841
G0624,0.4085391005799126,-0.8268985978818486,806.5474094186125
G0625,0.5239721462547124,-0.6375013157843885,839.6490024605622
G0626,0.6245261543843414,-0.4897350213591639,524.5669260318926
G0627,0.5759224636463993,-0.5595691588133304,840.2953141293845
G0628,0.6355279488985226,-0.47411087437589206,966.345327076494
G0629,0.49227742848961054,-0.687042192232007,719.7965381787037
G0630,0.6039447731415137,-0.5189554343682156,750.6664672068697
G0631,0.7961134055697854,-0.25847688945010794,713.692591054614
G0632,0.5561641486864524,-0.5888191052394337,732.5259470741723
G0633,0.7799623394514192,-0.27948217294149214,660.2822357027588
G0634,0.5978891485255318,-0.5277054109271686,631.5898946094236
G0635,0.7019006214088201,-0.3829204683208314,667.6091775808626
G0636,0.6783072011877063,-0.41495802675602567,661.3704795375463
G0637,0.7993538914361806,-0.2543259441731141,474.6852361801306
G0638,0.7316802897782086,-0.34308501489293003,494.5549033525916
G0639,0.6497109681299604,-0.45440205614481916,574.9619847604527
G0640,0.7105051394697726,-0.3713826085837432,515.5848223869518
G0641,0.865001364357503,-0.17010440087110706,469.12629389892936
G0642,0.9488468304659436,-0.06418274192894878,580.0663557747336
G0643,0.865787270511436,-0.16906011122708653,901.8428539227416
G0644,0.8167440175677516,-0.2318595897579741,489.2478979473058
G0645,0.6879423525720978,-0.40192563975896667,421.7522664148695
G0646,0.5671066096205579,-0.5725877783330653,704.1514595647079
G0647,0.001390700847579751,3.2012686585568084,1912.1982356533686
G0648,0.8624688783531274,-0.17329997455124924,658.7631404213728
G0649,0.6250405785556106,-0.4891229176954585,375.06753434304017
G0650,0.07029103703473072,1.8110978374653839,1814.2262605733922
G0651,0.6911136162334683,-0.3974903706654828,787.3896421039341
G0652,0.7708252932246586,-0.29142165542344,626.6365634005253
G0653,0.8425618281143057,-0.19868676485294914,747.1672748355895
G0654,0.7102027983625292,-0.37172314127985023,758.5896581097837
G0655,0.8835077965534199,-0.14659330116327612,539.5538694377909
G0656,0.8458959732715838,-0.19444561080625794,572.3683312303981
G0657,0.8783903373459223,-0.15310430010673542,415.570926076963
G0658,0.8979870309437206,-0.12826362263775817,552.4323206774026
G0659,0.652111835160126,-0.4511189543632949,470.10116070231606
G0660,0.9769527537273257,-0.028900940035848376,629.6427096404907
G0661,0.7123087065436096,-0.3689738086389499,483.6782466380367
G0662,0.104895193449134,1.6229001789740753,1108.057292078996
G0663,0.6024229688971019,-0.5211751891826732,647.361417526374
G0664,0.7020038761294529,-0.3827110687520932,1164.0373448346486
G0665,0.5498447984832855,-0.5982457495338855,802.3619374220509
G0666,0.5968975893213764,-0.5290676005491527,844.4787060071827
G0667,0.7650554304202684,-0.2989828514904913,607.1913609817223
G0668,0.6729541178299048,-0.4222798908094756,680.4985168243277
G0669,0.6752187662349232,0.4191222766407563,978.429046163963
G0670,0.3293801142978554,-0.9757338675261664,1284.2725135107426
G0671,0.4104170956953892,-0.8235396223175983,909.4575704908186
G0672,0.8311859907504047,-0.21331350350619668,419.81935205940397
G0673,0.5766312702401049,-0.558540001764056,803.6950203932902
G0674,0.7216878977257932,-0.35632303886161854,842.234228316123
G0675,0.5893685301683522,-0.5400598088191526,565.1423289465122
G0676,0.6731632182156955,-0.42197254607859414,767.5516403619807
G0677,0.7757526296543205,-0.28499176124946884,577.4862841409889
G0678,0.7604053414156975,-0.3051444617138139,425.4908006002441
G0679,0.6404021812016354,-0.46742307092636015,496.7783283970439
G0680,0.6172433238870263,-0.49996277097689995,774.3953701354473
G0681,0.6260920950314415,-0.4874747621527809,627.8128670253589
G0682,0.44075538824264404,-0.7712403773071578,954.2593627008549
G0683,0.6694912322065076,-0.42708313602880316,533.0287541874408
G0684,0.5901847005314234,-0.5387609343890772,902.3891493578534
G0685,0.6731617665693426,-0.4219308868516256,1050.8427278559022
G0686,0.5889184416416446,-0.5406575686306889,688.6886306316866
G0687,0.7506420997183143,-0.31795020820518743,555.9369537834359
G0688,0.7014447088887228,-0.38366565531274444,373.263796040345
G0689,0.6200240685725691,-0.49608787172055974,568.7467796425547
G0690,0.49932125102374547,-0.6758043312761529,999.255465395323
G0691,0.716571737911011,-0.36323722954153664,532.8315575138951
G0692,0.7475967079674581,0.3218958583554723,1033.146198633574
G0693,0.7309412910986772,-0.3440379893423247,585.2426300233999
G0694,0.6997969483788737,-0.3857357869294164,784.3744628207253
G0695,0.8496090563564778,-0.18970876808403808,536.8389394195893
G0696,0.5553412943992604,-0.5900992479156519,613.7738809403392
G0697,0.673601951119196,-0.42139723563129056,661.3911872923417
G0698,0.4239004814120795,-0.8009354565574218,259.93808303461947
G0699,0.42235871202898734,-0.802812847424655,691.6009818666441
G0700,0.6004321841666833,-0.5241066656260489,509.69114390524635
G0701,0.8384493544734675,-0.20396736376267652,589.8463215198851
G0702,0.6240275347889632,-0.49035885773702165,729.0027463107773
G0703,0.5238835039082912,-0.6382525940596402,254.3462661508068
G0704,0.7892063869763573,-0.2674533876997638,639.083635186111
G0705,0.7286240382218656,-0.3471065546463721,647.5959842942927
G0706,0.5734122369023114,-0.5632394239679152,899.4504496000081
G0707,0.7376890701227261,-0.33504383307688546,723.9975351199289
G0708,0.7295491225986608,-0.3458891422303801,590.9878766446144
G0709,0.766002903207897,-0.29773160127082,651.7392731428122
G0710,0.6587722182891591,-0.4418255010656046,609.4187137550639
G0711,0.7370549691209494,-0.3359315982002401,531.7002457948043
G0712,0.6778758212270577,-0.4156083536274132,497.47397677090066
G0713,0.9994718521380941,-0.0006621936368234841,640.5259543269879
G0714,0.8118327551127615,-0.23815001297156974,717.3393559711124
G0715,0.7189701340837757,-0.3599788704181778,709.0222848028636
G0716,0.7632347975367737,-0.3013955068135248,514.0620177666392
G0717,0.6817405409405601,-0.4102461646308397,763.0338029354845
G0718,0.7198347923715573,-0.3588759669901759,515.5773859912367
G0719,0.6960888525778528,-0.3907306125462943,899.8614660901478
G0720,0.751037985860229,-0.31740943832872953,630.7617092540718
G0721,0.7269228185129926,-0.34939325489638096,571.4134903046004
G0722,0.7263008103848998,-0.3502275287179045,555.0535472591621
G0723,0.8753369168389853,-0.15694833865679284,616.8716515748213
G0724,0.7696519149358885,-0.29297073993214584,565.8877008598553
G0725,0.3823456960812299,-0.8741155334625527,722.7380949001869
G0726,0.6701402493775634,-0.42611298829690963,799.2265270042784
G0727,0.9327318444432446,-0.08445323181242705,472.6441468025006
G0728,0.43122150382663715,-0.787492668100317,818.4666842279923
G0729,0.4231044697973272,-0.8013350454144869,1141.5303132863398
G0730,0.7000868675090315,-0.3854073804420094,541.8462939817
G0731,0.7631855277229551,-0.3014107161541795,744.1572390831959
G0732,0.7342758746561127,-0.3396233062288828,525.66139129804
G0733,0.8144140291548445,-0.23482743021996383,673.7106441179077
G0734,0.7253881150041153,-0.3514108335099048,685.650379693385
G0735,0.3943065974870228,-0.8523613540756649,696.3957841357163
G0736,3.672990988645708e-05,4.135155615582209,2325.9397658055013
G0737,0.739872282138279,-0.33219356934393635,538.8331432795298
G0738,0.5941574452820961,-0.5329940869060923,988.7424433857017
G0739,0.6208582071213924,-0.4949000420779831,579.667246803967
G0740,0.6983785092050607,-0.3876894717137875,621.8642817390746
G0741,0.5704554778736854,-0.5675896233084197,898.2873557367636
G0742,0.6063698822112167,-0.5154752695895148,764.9567674048021
G0743,0.6321558978914901,-0.4789243901814643,640.4089179002202
G0744,0.6737802424483537,-0.4211659233188595,618.4963133397679
G0745,0.6580784510384348,-0.4427741764620281,641.0380814072441
G0746,0.4138609003882374,-0.8174686185189055,972.503143068873
G0747,0.8448192118278472,-0.1957981375064313,779.267337732557
G0748,0.6628663849924918,-0.4361309871915484,754.9255306279864
G0749,0.5268988101675431,-0.6330463475836348,740.5471743060032
G0750,0.345968522985733,-0.9430300894453157,751.6251966419197
G0751,0.7432855284754281,-0.32765470586420187,608.0835896926828
G0752,0.4409695294672069,-0.7709116860479253,866.0977431449085
G0753,0.08773086690685927,-1.7124386357386943,338.7901364728921
G0754,0.7124737640904435,-0.3686731157675188,762.2268221707202
G0755,0.7474528496437349,-0.322123393776372,719.0089238274312
G0756,0.5905688031038059,-0.5382757677887128,657.6511079224373
G0757,0.7788414933480121,-0.280947519686512,639.7163183325268
G0758,0.8080681112593602,-0.24303088067647627,575.2285440102112
G0759,0.43172685275531664,-0.7865850150617499,922.475337592287
G0760,0.7614228162333667,-0.3037683380817764,533.5318072408896
G0761,0.8973434392809159,-0.1290944362831919,428.8999570564382
G0762,0.7724813200535787,-0.2892851416362781,507.4956793034618
G0763,0.6528651020127749,-0.45004119830640255,528.9864899366889
G0764,0.7576862025075459,-0.308659517527813,608.3900144683369
G0765,0.6048449789791506,-0.5177378347777745,561.8654213073437
G0766,0.7935256825330916,-0.26185220573304985,597.1642751287695
G0767,0.7780200511278417,-0.2820753529995166,434.45499263481634
G0768,0.7149255281844926,-0.3654201597264251,604.9314697762345
G0769,0.6632637007563313,-0.43557627936051296,786.4727236283371
G0770,0.7019834790104476,-0.3828170168978834,635.350659101548
G0771,0.6050765201291193,-0.5172579801132221,1138.9366580851342
G0772,0.718710052679425,-0.3602923512518287,933.1446549261257
G0773,0.4630351571882736,-0.734151044258148,964.2842334190942
G0774,0.3092686672005547,1.0171263657437641,1403.1190671811933
G0775,0.6496592756398027,-0.4544252088927007,722.6394098662364
G0776,0.7459875091248354,-0.3240803734856847,614.2351591990029
G0777,0.4794030295966638,-0.7075646779245957,879.7470029165115
G0778,0.6134974397110868,-0.5053256468661209,665.5049408134117
G0779,0.34374283282308515,-0.9474190377054048,720.7315430241202
G0780,0.6381849377341546,-0.47046727217878226,626.5550981948005
G0781,0.21076664303852732,1.2522688364931835,993.4517541437632
G0782,0.8490041056312387,-0.19049323390769646,474.56202393004503
G0783,0.03894763114096089,2.0662355415842226,1817.553792066969
G0784,0.4831081510129782,-0.701625603226258,835.1373699777093
G0785,0.8398494329367892,-0.20217676583234256,579.9779351484551
G0786,0.7493425440661636,-0.31962021337504914,773.5975242189727
G0787,0.6244201614867677,-0.48983751980822426,627.2054962596595
G0788,0.1866601217974988,1.3213109410753139,1151.7786529308346
G0789,0.8258000067049454,-0.22017871794605087,660.4850624496246
G0790,0.6294715857352242,-0.48266870292901887,751.3264987920736
G0791,0.6369059024630022,-0.4722884095807153,557.0593396504981
G0792,0.17544298671099812,-1.3575473327176297,366.35696134443253
G0793,0.6807435329919644,-0.41163308323813136,652.6054767515775
G0794,0.9787143851501268,0.02669357853786719,519.5195973331059
G0795,0.5726060036159843,-0.564379654885085,1148.2684978464026
G0796,0.7073831988824386,-0.37550839282306486,790.0613081405868
G0797,0.5992282605172226,-0.5258097965214101,560.6889121339725
G0798,0.9017210392385302,-0.12354677573404085,529.2634874926548
G0799,0.0,10.020045225009655,4164.750556891663
G0800,0.7129202786759183,-0.36819124275587983,410.8208892928877
G0801,0.6259487527494967,-0.4876224571912684,812.9705101421575
G0802,0.5591296705569095,-0.5843901057148976,767.2373967394194
G0803,0.9381774225121979,0.07760500766838195,441.41984597464045
G0804,0.6149860505428522,-0.5031230114142944,1023.3964936827288
G0805,0.763875202428824,-0.3005189266047682,665.6002868901652
G0806,0.4903847095923779,-0.6899904468383637,867.6198116319131
G0807,0.7651618207992712,-0.2988882853305565,454.7566138830636
G0808,0.6680914468601151,-0.428988017176288,579.2306634655667
G0809,0.8682240472713851,-0.1659664413902145,824.5014570266367
G0810,0.6023550239628712,-0.5212609861056949,678.6526487319264
G0811,0.5562941375143544,-0.5886940460615977,584.0282712718931
G0812,0.7377958705228198,-0.33492866911044233,600.4179152622271
G0813,0.6404667970412283,-0.4672081823870792,878.5018752538259
G0814,0.6765244460265658,-0.41737841430060446,729.497358106178
G0815,0.8791581168584757,-0.15211442952822757,499.39674365596346
G0816,0.8058279558424606,-0.24591704368628337,619.0935875554289
G0817,0.6164475805069753,-0.5011041337544458,736.4408288869779
G0818,0.5366320010569647,-0.6182076532226632,727.3205488751075
G0819,0.8726381854313492,-0.16042704001028726,346.4633331395209
G0820,0.6609089860306891,-0.4388883347383918,569.2308012688134
G0821,0.7532724103282056,-0.31444015517438684,765.774148038733
G0822,0.46139731272396656,-0.7369287786669434,746.1327070152754
G0823,0.6057203256479786,-0.5163285280922324,1197.2118598457696
G0824,0.8143959894060135,-0.23491351733175425,400.2527648990282
G0825,0.0,37.7174014647551,22369.85605432865
G0826,0.7501943224683789,-0.31848427062610274,867.0553140507807
G0827,0.4651001476578347,-0.7308218308196524,806.8580891070732
G0828,0.919184400598251,-0.10150437316361374,592.9397223254871
G0829,0.8072267123602548,-0.244114585679659,591.591053232238
G0830,0.6570995382826894,-0.4441855863277528,502.75591528074835
G0831,0.6546951772795673,-0.44750256397608623,529.7050839126991
G0832,0.5524269489021711,-0.594370969603727,825.1363712663781
G0833,0.8380668443456263,-0.20444933564096002,645.3077564848887
G0834,0.7893259357787015,-0.2673482851398044,441.2120409201025
G0835,0.7766543731597793,-0.2837871160498408,726.5972844314431
G0836,0.5750129209688628,-0.5608557350436337,1073.5712998960942
G0837,0.4947133095746217,-0.6831819372360072,714.6259935602859
G0838,0.7235661665669695,-0.3538304740126174,744.09437476831
G0839,0.6394896990489496,-0.46866002526755723,576.9053333716929
G0840,0.6822878271611708,-0.40960035628241587,464.815165732737
G0841,0.6318588024362835,-0.4792688055881024,940.7140841211418
G0842,0.5811116595683159,-0.5520754879662925,573.618893498941
G0843,0.7039822920868462,-0.3801034130249337,710.2319315783732
G0844,0.5892470732375257,-0.540140784216052,817.4012449145295
G0845,0.0,11.9361874760265,5066.240859436445
G0846,0.7358462028997086,-0.33756093695317924,465.63072196970177
G0847,0.8622311026564808,-0.1736004599257924,680.4249255619575
G0848,0.7436780119271176,-0.32714618684474944,567.2264721593407
G0849,0.7731178784558135,-0.28842265119861005,631.4633605320099
G0850,0.38657119247263694,-0.868114308223585,167.8571521512557
G0851,0.649723823309917,-0.45433581083061647,721.3443449479158
G0852,0.48529747138480817,-0.6980103064035629,1280.559685309189
G0853,0.8339240448698269,-0.2097869512032733,474.2704931032181
G0854,0.5914873183630469,-0.5368891653891654,834.2935317041598
G0855,0.6612779095529557,-0.4383208073530452,762.4157959942561
G0856,0.8028651587265667,-0.24974711596381968,623.6510064033082
G0857,0.7468774706312917,-0.32293845666550636,497.73238643561655
G0858,0.7370144632365694,-0.3359130555133575,903.0260400929756
G0859,0.6807902199652802,-0.41154239078977095,764.447110116598
G0860,0.8536885436562027,-0.18448142734711542,709.0791515210135
G0861,0.8485093623771864,-0.19111370132356184,532.4658921134052
G0862,0.8226755735630513,-0.22420127317924007,611.5613645310667
G0863,0.648779310184675,-0.455678122202234,626.6565444222551
G0864,0.8275277237606924,-0.21795870747700322,669.2473627863011
G0865,0.6125368586133328,-0.5066796747746724,710.1997129699346
G0866,0.2809200589360561,-1.0796138433787268,429.502849833674
G0867,0.7834496727694322,-0.2749254148213081,745.9050017010121
G0868,0.639874151883848,-0.4680869355068101,672.2023294776211
G0869,0.6946166322834446,-0.39284091907873736,465.9602294034929
G0870,0.9008032983335974,-0.12470944336442073,504.066741703098
G0871,0.5809780007131902,-0.5522765029299924,563.250819263989
G0872,0.5759595433737914,-0.5595246104909307,804.1541872972231
G0873,0.7602962101448187,-0.305198337389449,782.9910223968453
G0874,0.08825837770984446,1.7057596849834364,1510.7742521787561
G0875,0.6797371505317709,-0.4130807084594529,466.82762124037936
G0876,0.7260597143708747,-0.3506680689669764,332.09380297411815
G0877,0.6314546595165575,-0.47990663549293766,652.2973948782301
G0878,0.7078509349569337,-0.3750090500944233,403.15650503668877
G0879,0.8783239893940491,-0.1531480073393805,728.1211164004559
G0880,0.4402182623412001,-0.772090757778879,1157.637088053078
G0881,0.723783008346742,-0.35356492553285634,631.2756872282171
G0882,0.742905230040404,-0.32814454865447484,667.8067561752831
G0883,0.6459013278929207,-0.45963465917524726,813.2019179197998
G0884,0.33723665965720095,-0.9611246341711064,310.79067741101727
G0885,0.74131404601949,-0.3302573235217367,637.449721596018
G0886,0.8775064735916698,-0.1541932741499013,633.2391701663953
G0887,0.6618813262630452,-0.4375561105776959,545.3418035874794
G0888,0.4232352803585653,-0.8012507321692528,765.0488886549198
G0889,0.5073879241679833,-0.6631500162523462,996.0025617242369
G0890,0.6785762097115835,-0.4145827580614537,690.1099732264677
G0891,0.6104809152366817,-0.5096369754516408,642.1329773690118
G0892,0.6544371345861726,-0.44774030923099684,1004.8468597326744
G0893,0.5750159669569279,-0.5610631240008918,480.65881118273273
G0894,0.9955057357693178,0.005637076278407605,325.9840851561065
G0895,0.6885478051327385,-0.4010011887839142,666.3143603388858
G0896,0.6477066127699427,-0.4576611646803891,194.54226517188818
G0897,0.0,8.369039935353296,4246.886903195417
G0898,0.6528276305162,-0.4500123333911601,773.5336466166915
G0899,0.7366681602536707,-0.3364382604162487,552.4310568071398
G0900,0.9288215684681551,-0.08936838672792319,551.8842949829179
G0901,0.7329955453908945,-0.34131371075457223,559.5990191889958
G0902,0.499928947029193,-0.6748665202714917,926.4745750360356
G0903,0.9192425872908325,-0.10143041897281384,601.5729917994668
G0904,0.8370336837943184,-0.20578321493896584,570.3362412439781
G0905,0.7806270350342082,-0.27860192373350307,750.9468728538252
G0906,0.6169819281914859,-0.5010335545172593,173.67555238548118
G0907,0.41605413937960334,-0.8137314307009985,758.6629123376902
G0908,0.6789564440417646,-0.4140510521170303,741.5771767023882
G0909,0.6387329814289227,-0.4697125551271479,593.299620320955
G0910,0.7153537425028258,-0.36482756529619764,678.9022401404038
G0911,0.5401484973565336,-0.6128548512410793,790.8968562087259
G0912,0.7902199984891936,-0.2661573507271135,537.9952414488561
G0913,0.002333526035880107,-3.0565636474218305,630.8654987095842
G0914,0.7341159565070132,-0.33976195682474325,890.070124468886
G0915,0.736915480042545,-0.3360700218799041,723.6777693772542
G0916,0.7014076973097196,-0.3836049044589583,597.7744429304743
G0917,0.01946287343162645,2.3391563859645528,1446.2498902631269
G0918,0.5947685691895979,-0.5321451793797476,825.8832638948221
G0919,0.6278369757363227,-0.4850106483500058,631.5555079049848
G0920,0.567132064683737,-0.5725683711500966,659.6767423883771
G0921,0.7432250954183663,-0.3277475724784865,559.6729183041538
G0922,0.7528606397923077,-0.31505591129525956,464.6483251374173
G0923,0.7963843115352578,-0.25815519816468036,546.5544594609397
G0924,0.8921671834337468,-0.13563769241794163,458.89627360546973
G0925,0.7375056453094189,-0.3352689685696558,842.6655702265768
G0926,0.7549467341134426,-0.3122355446731477,763.8512334962262
G0927,0.5346854248504245,-0.6211172324665282,868.7223700727618
G0928,0.55745176956682,-0.5869184809249441,685.2389731882173
G0929,0.5790993649877008,-0.5550240333113239,561.2087818983433
G0930,0.5101307595134066,0.6588189442406783,1277.5440371216464
G0931,0.7504115755652085,-0.3182675463605479,512.7915590007244
G0932,0.48493760884229253,-0.6988921276235766,510.6819930599865
G0933,0.23156644161487994,-1.198672404550767,311.50592568370723
G0934,0.7104865222941854,-0.3713755144219176,611.3732526320689
G0935,0.6780959298102756,-0.41519853167147885,896.4150334498215
G0936,0.7103850044337685,-0.3718096426124046,224.67538473322134
G0937,0.6371126919470873,-0.4720021493696514,549.3145359294874
G0938,0.768005201160068,-0.2950906447149454,760.264174330389
G0939,0.6979914156005238,-0.3881520254245062,940.0428366185288
G0940,0.528446823429686,-0.630758809852998,579.7054298281645
G0941,0.812565890787438,-0.23719503564005215,804.2822969605463
G0942,0.0,13.867173994626025,5760.149522923321
G0943,0.8115584279086951,-0.23859329618177694,355.52726308945176
G0944,0.6153950475169316,-0.5026845793003617,529.5253366637746
G0945,0.7095236826265361,-0.3728510198513702,298.79114657652656
G0946,0.7681999278621632,-0.29482569993067714,839.4641285965763
G0947,0.8441020710973346,-0.1967286202652562,643.0473965804811
G0948,0.7297371568031603,-0.3456165387383338,684.1610497756766
G0949,0.41504914774084267,-0.8154853003646538,762.737760811257
G0950,0.02149269370566831,2.300870074071024,2185.6871291443263
G0951,0.5845868873543318,-0.5469385488247627,735.3257835135483
G0952,3.199786527741111e-05,4.1677927398624535,2110.077667992483
G0953,0.8443839863589289,-0.1963710029788118,621.4700607549416
G0954,0.5159642546813656,-0.6499976306782281,551.8055210278249
G0955,0.5629320174223116,-0.578877714568305,500.6644957634565
G0956,0.5422157109844563,-0.6096894580710399,934.7394676148463
G0957,0.6997287695146093,-0.38582099331896663,824.5365717421968
G0958,0.6297842330467529,-0.4822929925594367,566.1387272516392
G0959,0.5277056715891248,-0.6318436701783969,666.5597491311388
G0960,0.5152453912514261,-0.6516454786530319,243.13328915312172
G0961,0.7296847672525191,-0.34569661464072593,637.5376397681598
G0962,0.49582647168401905,-0.6813740155566163,823.2894751061197
G0963,0.7836530274515818,-0.27466931942005957,685.7802793572693
G0964,0.5480739057163926,-0.600912338137632,775.7467749572767
G0965,2.063225305048988e-06,4.760030110947168,2170.463597667296
G0966,0.7645735864484746,-0.29963894738322044,514.4867350324973
G0967,0.743501420773605,-0.3273751330436779,584.332488432094
G0968,0.7136169300313386,-0.3671590528356954,666.4725257033089
G0969,0.5021140804224267,-0.6716187150852262,539.2323221339238
G0970,0.5696290512801392,-0.5688646474081365,705.4571271437592
G0971,0.5833249201202588,-0.5488372000598603,589.6887993927038
G0972,0.7291256615370623,-0.34638000027137805,1063.6317930666617
G0973,0.7398072469591157,-0.3322363071061214,722.0971073685915
G0974,0.6516234697282197,-0.45168429698540613,770.9583779054254
G0975,0.6961268775890272,-0.39070371157601924,752.2324296900808
G0976,0.5253339128280021,-0.6353273977562094,1221.399902592784
G0977,0.7007135286403074,-0.38451409062801767,704.2862978761774
G0978,0.6641664810359966,-0.4343582811485723,678.014960657946
G0979,0.6087648092733198,-0.5120221444813443,874.3548691121512
G0980,0.5031984408877133,-0.6700280040960909,431.3799380324852
G0981,0.7799464027197698,-0.27955031695843147,466.60162541514484
G0982,0.7209802151171258,-0.3573289303017232,559.9194976892783
G0983,0.7401766897235627,-0.3317904821905235,537.9750606958362
G0984,0.8447020298826877,-0.1959592798739894,663.5829128034156
G0985,0.6955909039698231,-0.39206716098262623,143.34135073225366
G0986,0.8726710466790883,-0.1603322600437897,626.2848733801331
G0987,0.12295569620683988,1.5434484931205197,1353.83158384864
G0988,0.45078066814851514,-0.7544177396329496,974.5877517734212
G0989,0.7179351419540607,-0.36137965912204256,638.8010048558266
G0990,0.8775652099638547,-0.15413564389235854,498.13534043604506
G0991,6.0383356022875034e-05,4.017185545869472,2919.6254016306943
G0992,0.8025695526629499,-0.2501741642230842,439.5360985312829
G0993,0.6428523708449192,-0.4638789349528101,856.377402899741
G0994,0.7900398922483074,-0.2663631596697684,683.2936535244455
G0995,0.9813520010620016,0.023385669606493204,498.10737702062914
G0996,0.6109766983791634,-0.5089710189367322,549.8826800877227
G0997,0.7295365894538564,-0.3459322563833931,508.90150565748775
G0998,0.764573760941079,-0.29964202254150807,503.99275535847727
G0999,0.7502898901231354,-0.3183828292125654,697.3365811880095
G1000,0.6591811817981861,-0.44124314225588196,661.4249047726004
