"","gene","pvalue","log2FoldChange","stat","padj"
"1","G0001",0.938536476106183,-0.0966103421699606,-0.228633436120878,0.999943905168657
"2","G0002",0.990738116743751,-0.0966977093710721,-0.0394458502337503,0.999943905168657
"3","G0003",0.767729045280026,-0.36547200191734,-0.618945160580867,0.999943905168657
"4","G0004",0.999064266731628,0.144858436477239,0.169553152486802,0.999943905168657
"5","G0005",0.990588700559645,0.164443411803814,0.176606307706949,0.999943905168657
"6","G0006",0.949857812110947,0.296441029493863,0.166643137380051,0.999943905168657
"7","G0007",0.785084372404481,0.256790644059071,0.227607893370048,0.999943905168657
"8","G0008",0.920035868826755,0.0866059082160087,0.167152255339598,0.999943905168657
"9","G0009",0.991761405066697,-0.269848443468874,-0.272779091733207,0.999943905168657
"10","G0010",0.993773935788214,0.0193022369743172,0.0610058521584242,0.999943905168657
"11","G0011",0.882591033889836,-0.224908654898868,-0.253987566564685,0.999943905168657
"12","G0012",0.929692220260638,-0.342959721148079,-0.477563926560086,0.999943905168657
"13","G0013",0.527215460790004,-0.227750729965248,-0.132373987598176,0.999943905168657
"14","G0014",0.634049576853491,-0.073042122194818,-0.0448807675137264,0.999943905168657
"15","G0015",0.804179816267248,-0.067313739023237,-0.230344984845576,0.999943905168657
"16","G0016",0.890181350334242,-0.20495135485786,-0.296877548052218,0.999943905168657
"17","G0017",0.903576190094088,-0.164675995276366,-0.364886735645346,0.999943905168657
"18","G0018",0.642293455999007,-0.0467451411380682,-0.0621799586038174,0.999943905168657
"19","G0019",0.778382284702819,-0.0874321189755162,-0.118710525376237,0.999943905168657
"20","G0020",0.619096837045383,-0.0777534883563135,0.0545466493036251,0.999943905168657
"21","G0021",0.974886032142301,0.0276412179519297,-0.0517122468340816,0.999943905168657
"22","G0022",0.970875781231385,-0.00951593414877762,0.0500064581926561,0.999943905168657
"23","G0023",0.907282052254475,0.00410159963497202,0.0323442824288035,0.999943905168657
"24","G0024",0.999942853791815,0.03610489527181,0.0625443910544846,0.999943905168657
"25","G0025",0.999403868485473,0.0531521719708866,0.0470452590585662,0.999943905168657
"26","G0026",0.677136300174904,-0.317183217473721,-0.308049345449802,0.999943905168657
"27","G0027",0.999205042573587,0.127837582725705,0.16682563236185,0.999943905168657
"28","G0028",0.989717159067313,-0.000530763900886994,0.0555093691018942,0.999943905168657
"29","G0029",0.78850002585425,-0.0808356287354586,-0.0490167271235359,0.999943905168657
"30","G0030",0.955660958219933,-0.0522737046652266,-0.0668501081969006,0.999943905168657
"31","G0031",0.985217138218452,-0.0155930418187875,-0.116636945490655,0.999943905168657
"32","G0032",0.991971688634449,-0.147945030660971,-0.207256092764015,0.999943905168657
"33","G0033",0.986453744118947,-0.103446492797556,-0.130602653300061,0.999943905168657
"34","G0034",0.86410375064931,-0.00307838071147561,-0.0875951320567416,0.999943905168657
"35","G0035",3.99685438141995e-149,2.38364531636083,6.7850599854467,9.93218313782859e-147
"36","G0036",0.437187832533335,-0.0850769993356157,-0.135631287144706,0.999943905168657
"37","G0037",0.93468470502302,-0.251661669305463,-0.202409873185242,0.999943905168657
"38","G0038",0.974317634774054,-0.072159376172931,-0.175126637679228,0.999943905168657
"39","G0039",0.750883411020039,-0.0316526909355568,-0.0495177550565451,0.999943905168657
"40","G0040",0.0655246036924323,0.621775944915813,1.13363141763145,0.999943905168657
"41","G0041",0.999754031683391,0.11439290424497,0.129618661986292,0.999943905168657
"42","G0042",0.625598537067822,-0.188642563240695,-0.336739994558265,0.999943905168657
"43","G0043",0.979228984308082,0.126467728016548,0.118070072859207,0.999943905168657
"44","G0044",0.861549149793733,-0.0345404873590958,-0.120314135076703,0.999943905168657
"45","G0045",0.910466722858284,-0.137921122385272,-0.144173117539308,0.999943905168657
"46","G0046",0.810198865348751,0.267177546425618,0.0960774846648286,0.999943905168657
"47","G0047",0.997083966091923,0.0241040908790963,0.050686888747973,0.999943905168657
"48","G0048",0.99028405190024,0.118639379353148,0.0198690285294914,0.999943905168657
"49","G0049",0.82262650741972,-0.0703038964896256,-0.167157714257778,0.999943905168657
"50","G0050",0.999513960422314,0.0092050105496539,-0.00693491213582602,0.999943905168657
"51","G0051",0.972846560213003,-0.178619783742977,-0.181156085497011,0.999943905168657
"52","G0052",2.72831829653451e-206,2.8705970847042,8.6179775690162,1.35597419337765e-203
"53","G0053",0.95358846856966,-0.0820995487507563,-0.125530539713326,0.999943905168657
"54","G0054",0.76996961951688,-0.472172908525947,-0.571546806062459,0.999943905168657
"55","G0055",0.98497802087233,-0.189390297648671,-0.287113465188174,0.999943905168657
"56","G0056",0.808063420564375,-0.0439021244044499,-0.0623966822023648,0.999943905168657
"57","G0057",0.918456305538915,0.0803536046385511,0.000193891682851066,0.999943905168657
"58","G0058",0.88532552108574,-0.229499638508372,-0.303106107048483,0.999943905168657
"59","G0059",0.920960821950197,-0.0759407131674573,-0.134214581234909,0.999943905168657
"60","G0060",0.969969667917432,0.451570587464395,0.378703655198296,0.999943905168657
"61","G0061",0.976441121132233,0.11588784812732,0.105290119836646,0.999943905168657
"62","G0062",0.998770058861408,-0.183991078563057,-0.278991881117339,0.999943905168657
"63","G0063",0.959016905664017,0.0262775975406151,0.0148365012659959,0.999943905168657
"64","G0064",0.99197717979896,0.0478150164174386,0.0885585609169563,0.999943905168657
"65","G0065",0.203707860888241,0.0160319414542746,-0.0745621584506932,0.999943905168657
"66","G0066",0.562993427593308,0.0645227483106434,0.049790154816936,0.999943905168657
"67","G0067",0.226382999074119,-1.00073177823901,-0.859260546620085,0.999943905168657
"68","G0068",0.754068207524974,0.221389326012957,0.225214279263509,0.999943905168657
"69","G0069",0.615855987944134,0.543406887979041,0.535453000944522,0.999943905168657
"70","G0070",0.860306792733542,0.144454559845154,0.162125370237814,0.999943905168657
"71","G0071",0.965908728427425,-0.158064112956948,-0.207745005025858,0.999943905168657
"72","G0072",0.99924628136964,0.0659591297246208,0.0820277232279925,0.999943905168657
"73","G0073",0.99179853335978,0.072261552124219,0.0839443372813946,0.999943905168657
"74","G0074",0.885282277911691,0.0628378167521901,0.0982130558732183,0.999943905168657
"75","G0075",0.953968482889385,-0.22808961660964,-0.314772396006104,0.999943905168657
"76","G0076",0.761892650524707,0.153554877447091,0.105032510342242,0.999943905168657
"77","G0077",0.994763982419114,-0.129847701401824,-0.191653873883164,0.999943905168657
"78","G0078",0.993239516653234,0.140823668129724,0.19416634098608,0.999943905168657
"79","G0079",0.718618546053977,0.392117432398661,0.522352766396199,0.999943905168657
"80","G0080",0.971793668067116,-0.111011229957196,-0.0946417633367923,0.999943905168657
"81","G0081",0.895881286499409,0.220154497379439,0.245430981374628,0.999943905168657
"82","G0082",0.961381267268633,0.103527113126323,0.168020399762639,0.999943905168657
"83","G0083",0.968082922151751,-0.279920113985554,-0.232128422053322,0.999943905168657
"84","G0084",0.934559771042115,-0.311805677109346,-0.274114589811412,0.999943905168657
"85","G0085",0.772296108279053,-0.183843769674957,-0.144526309537035,0.999943905168657
"86","G0086",0.989464161416415,-0.154826941592516,-0.296745453887095,0.999943905168657
"87","G0087",0.943907877819472,0.0947843030975103,0.117930583016877,0.999943905168657
"88","G0088",0.852373720903033,0.0347090583220399,0.049165488863633,0.999943905168657
"89","G0089",0.955363929865809,-0.0190192365953926,-0.00123267261399604,0.999943905168657
"90","G0090",0.998208691464805,-0.141114358066108,-0.182173248829031,0.999943905168657
"91","G0091",0.925825623846589,-0.090905470309196,-0.194277728714877,0.999943905168657
"92","G0092",0.974551064663244,0.0857672475496622,0.151393942388231,0.999943905168657
"93","G0093",0.160944886227457,-1.07333271761277,-1.03157837718994,0.999943905168657
"94","G0094",0.986673708401484,-0.0152019505696831,0.0318011865654795,0.999943905168657
"95","G0095",0.728856599573794,-0.0590915584431624,0.0154727739189488,0.999943905168657
"96","G0096",0.832954907370418,-0.334066920084341,-0.354018295614116,0.999943905168657
"97","G0097",0.997521583207612,0.0319970054097503,0.024272189669402,0.999943905168657
"98","G0098",5.1015564661487e-39,1.60474702327257,4.18305587281722,2.81719284852878e-37
"99","G0099",0.969613166436682,-0.268525953071294,-0.251663623307581,0.999943905168657
"100","G0100",0.672780142488889,0.107151630165886,0.0645561056178381,0.999943905168657
"101","G0101",0.547282378411431,0.295548971502404,0.401257391648871,0.999943905168657
"102","G0102",0.184210372831642,-1.44299432757398,-0.952401087545693,0.999943905168657
"103","G0103",0.999916827410487,0.0284214111661806,-0.10119813092762,0.999943905168657
"104","G0104",0.634829088430174,-0.952376930610145,-0.59877905907557,0.999943905168657
"105","G0105",0.833110643131607,-0.45045122732334,-0.521330282230324,0.999943905168657
"106","G0106",0.686176954727926,0.00112210210479494,-0.121181717781008,0.999943905168657
"107","G0107",0.936836016546869,-0.201096447462067,-0.2617139755223,0.999943905168657
"108","G0108",0.840555293561385,-0.234614849377136,-0.379398714028013,0.999943905168657
"109","G0109",0.930647223271287,-0.147318282283585,-0.268902039850332,0.999943905168657
"110","G0110",0.939179231391379,0.0055516577558896,0.0250803334305705,0.999943905168657
"111","G0111",0.95475566415517,0.199795592815393,0.187775333375175,0.999943905168657
"112","G0112",0.927205533873644,-0.0772178027417762,-0.0520680203653121,0.999943905168657
"113","G0113",0.75295439244061,-0.445104380709138,-0.543805403895078,0.999943905168657
"114","G0114",0.800537859084569,-0.106699907861024,0.010984703196049,0.999943905168657
"115","G0115",0.855544623494845,0.048628311326076,0.134643760494348,0.999943905168657
"116","G0116",0.69936550089724,-0.0119427963928622,-0.0885760402177863,0.999943905168657
"117","G0117",0.632406706540974,-0.0741141102598188,-0.055624597523003,0.999943905168657
"118","G0118",0.987313824097603,0.00910375615242863,-0.104085701098767,0.999943905168657
"119","G0119",0.986243677841122,0.00568366025437001,-0.0829331693354215,0.999943905168657
"120","G0120",0.984765432146607,0.125782609131505,0.23496824548939,0.999943905168657
"121","G0121",0.985868473296478,-0.0261892494453723,-0.0843227604593986,0.999943905168657
"122","G0122",1.31197821137451e-05,0.717951930733385,1.82032098514958,0.000334386241565709
"123","G0123",0.744031040122746,-0.431082299137781,-0.392659816449915,0.999943905168657
"124","G0124",0.917153059647768,0.182834930412473,0.235330936666661,0.999943905168657
"125","G0125",0.99009975248395,0.074635027904788,0.0587663103168121,0.999943905168657
"126","G0126",0.485992938704911,-0.254628179384216,-0.516227302765088,0.999943905168657
"127","G0127",0.990197112541506,-0.273785462502227,-0.384818279498188,0.999943905168657
"128","G0128",0.987087427273431,-0.0750211392318679,-0.182204010468624,0.999943905168657
"129","G0129",0.942294234986419,-0.133452122972205,-0.248371429299616,0.999943905168657
"130","G0130",0.992996729226817,0.141169131337243,0.210841851732071,0.999943905168657
"131","G0131",0.701919359723991,-0.298248798404523,-0.163832673885488,0.999943905168657
"132","G0132",0.99983824571621,-0.0140573976627442,-0.0538757877177681,0.999943905168657
"133","G0133",0.985504443272335,0.0641269196672193,0.123992585282247,0.999943905168657
"134","G0134",0.877173171536115,-0.186433649268851,-0.27435324318515,0.999943905168657
"135","G0135",0.584966979726724,-0.245792649179055,-0.410402852857903,0.999943905168657
"136","G0136",0.998086244721836,0.0220366603739233,-0.0249154966841495,0.999943905168657
"137","G0137",0.96982579101038,0.0889526990214844,0.0979617427919728,0.999943905168657
"138","G0138",0.590208732348973,-0.128337601293079,-0.0255628318433397,0.999943905168657
"139","G0139",0.940942983137129,0.0265524373925134,0.00563583127091102,0.999943905168657
"140","G0140",0.876853397562718,-0.0508616895305657,-0.0968735613878238,0.999943905168657
"141","G0141",0.96896610971732,-0.299017016905781,-0.398160837146166,0.999943905168657
"142","G0142",0.97702981939005,-0.016529586026521,0.0616132265239461,0.999943905168657
"143","G0143",0.469086968982468,0.100665944836479,0.194555097936782,0.999943905168657
"144","G0144",0.933496089310035,0.0401834282312168,0.115526754298245,0.999943905168657
"145","G0145",0.74906528150479,-0.577855584575922,-0.663238000949779,0.999943905168657
"146","G0146",0.990992877645545,-0.211459388203487,-0.244301534786358,0.999943905168657
"147","G0147",1.00996430751481e-119,2.47204771651809,6.74604581396688,1.43414931667102e-117
"148","G0148",0.198626935667361,-1.29548612228132,-1.03627722401817,0.999943905168657
"149","G0149",0.757464237851982,-0.345479450235009,-0.354002309093597,0.999943905168657
"150","G0150",0.817172108896677,-0.0876315186445475,-0.114334851184417,0.999943905168657
"151","G0151",0.641770554069237,0.227138392063817,0.292400929464205,0.999943905168657
"152","G0152",0.951627858139794,0.0977697855896377,0.0653114873527645,0.999943905168657
"153","G0153",0.749273985797824,0.0470856804015494,0.0666579961928525,0.999943905168657
"154","G0154",0.761572304992529,0.402694139411216,0.505631231750719,0.999943905168657
"155","G0155",0.938899748050653,-0.28165211050332,-0.33893902081051,0.999943905168657
"156","G0156",0.859629946111996,0.0166625493067287,0.0590701374768055,0.999943905168657
"157","G0157",0.9426891303384,-0.019341594106815,-0.0110035252527227,0.999943905168657
"158","G0158",0.986100200570041,-0.0140700012899072,0.00613788224450444,0.999943905168657
"159","G0159",0.898538862243071,-0.252722911091549,-0.327675519042919,0.999943905168657
"160","G0160",0.762764034306431,0.017513479313377,0.153329453384639,0.999943905168657
"161","G0161",0.988447825529365,-0.142853109411614,-0.183647809818883,0.999943905168657
"162","G0162",0.970700838631352,-0.0712559635409556,-0.224858749561782,0.999943905168657
"163","G0163",0.985299123433443,-0.0447173978376553,-0.0779470055767569,0.999943905168657
"164","G0164",0.988916584348989,-0.16307009858773,-0.210144824928577,0.999943905168657
"165","G0165",0.922995690882844,-0.0720374343192269,-0.180001278234062,0.999943905168657
"166","G0166",0.8363393423978,0.384592696886591,0.395267399522115,0.999943905168657
"167","G0167",0.904935966504291,0.0622954373420922,0.0133576127188451,0.999943905168657
"168","G0168",0.995347888968674,-0.0283668898542141,-0.0944505371550947,0.999943905168657
"169","G0169",0.995515253868896,0.0319956340656269,-0.0148885693226205,0.999943905168657
"170","G0170",0.564809575256982,0.28233091590778,0.478193438201584,0.999943905168657
"171","G0171",0.947111044555216,-0.133642633907907,-0.238509225628235,0.999943905168657
"172","G0172",0.978926048313747,0.04050789352628,0.0361185267894062,0.999943905168657
"173","G0173",0.977582828516806,0.00686157059870597,0.0104469069188911,0.999943905168657
"174","G0174",0.983029546647417,0.088909149881174,0.148376138247379,0.999943905168657
"175","G0175",0.99797020264078,0.074902579754191,0.0763481187845667,0.999943905168657
"176","G0176",0.954444999067222,0.0769640719515839,0.0180975037938707,0.999943905168657
"177","G0177",0.813731886339109,-0.443107751016784,-0.586129109486033,0.999943905168657
"178","G0178",0.945811985101376,-0.236074375446212,-0.391523197066457,0.999943905168657
"179","G0179",0.993533117726563,0.162529999580969,0.269381671893986,0.999943905168657
"180","G0180",0.757956821599927,-0.303694386537392,-0.321199425149552,0.999943905168657
"181","G0181",0.997058327791496,-0.0885805770271353,-0.0258644101810062,0.999943905168657
"182","G0182",0.986919939197189,0.0165295451887128,0.0460339985714958,0.999943905168657
"183","G0183",0.960230841203342,-0.232904074183256,-0.38148114459089,0.999943905168657
"184","G0184",0.925494192392999,-0.182463072018115,-0.278648619080673,0.999943905168657
"185","G0185",0.973501779767736,-0.118116697388045,-0.225281371851896,0.999943905168657
"186","G0186",0.989293624713508,-0.0674592441255109,-0.132729400481194,0.999943905168657
"187","G0187",0.981126873780565,-0.122513828837989,-0.0254915797500585,0.999943905168657
"188","G0188",0.919023087868393,-0.12471807768748,-0.1295558653902,0.999943905168657
"189","G0189",0.987139174529559,-0.0141357770243101,0.00467094310667925,0.999943905168657
"190","G0190",0.948699594129672,-0.0193003538806997,0.0476497082298758,0.999943905168657
"191","G0191",3.88068400300107e-08,1.35718682097036,2.13537183348939,1.1021142568523e-06
"192","G0192",0.340319860780712,-0.551118702908167,-0.367649449115043,0.999943905168657
"193","G0193",0.991083045725057,-0.185288197921268,-0.205657142269635,0.999943905168657
"194","G0194",0.828084142893825,0.155430204664459,0.19178933150679,0.999943905168657
"195","G0195",0.997094736486743,-0.141957503371543,-0.175990577132907,0.999943905168657
"196","G0196",0.784015793056547,-0.0533729567499366,0.0284899160388471,0.999943905168657
"197","G0197",0.99936697132455,-0.134704900197363,-0.215811879654816,0.999943905168657
"198","G0198",0.956162676476427,-0.143025971168745,-0.205847491429335,0.999943905168657
"199","G0199",0.964889200314711,-0.255823833588226,-0.461212403840001,0.999943905168657
"200","G0200",0.933779129429074,0.0455451095726113,-0.0599260005521724,0.999943905168657
"201","G0201",0.952371905861616,0.13186026495205,0.248396682485738,0.999943905168657
"202","G0202",0.732743018309537,-0.0953900085897028,-0.126493208550285,0.999943905168657
"203","G0203",0.98394151995893,-0.0903922204390126,-0.225382428648885,0.999943905168657
"204","G0204",0.861163824210008,-0.203303812180684,-0.21199997885786,0.999943905168657
"205","G0205",0.623096543930685,-0.254178297883403,-0.447810386530289,0.999943905168657
"206","G0206",0.938587115085587,0.0302719237323985,-0.034815892914315,0.999943905168657
"207","G0207",0.995438131320248,0.0524939370492198,0.151079975100371,0.999943905168657
"208","G0208",0.983010940537523,0.139851560329746,0.0538057203965157,0.999943905168657
"209","G0209",0.93994976930407,-0.379868841631165,-0.476010383468324,0.999943905168657
"210","G0210",0.00133527494348824,0.798259757073694,1.4982775315699,0.0308665882285422
"211","G0211",0.963206477480965,-0.0576682689573746,-0.116894284957258,0.999943905168657
"212","G0212",0.99691634139828,-0.0429188543149256,-0.0655667580325203,0.999943905168657
"213","G0213",0.961417604694039,0.0671156432516269,0.0838935398645934,0.999943905168657
"214","G0214",0.774450300086303,-0.301451923283345,-0.406959818701708,0.999943905168657
"215","G0215",0.871673498057638,-0.185185219888299,-0.153292211121885,0.999943905168657
"216","G0216",0.932188660139712,-0.179230328346723,-0.21664163900259,0.999943905168657
"217","G0217",0.938939757934319,-0.158404625404661,-0.186938345510045,0.999943905168657
"218","G0218",0.948794861211265,0.132770492695798,0.244401404722868,0.999943905168657
"219","G0219",0.895560413301973,-0.0343640802354903,0.00658126344144226,0.999943905168657
"220","G0220",0.956165519284569,-0.0440652943396824,-0.115664057335676,0.999943905168657
"221","G0221",0.635808556156065,-0.228062700895394,-0.100945444721976,0.999943905168657
"222","G0222",0.931560900149344,0.059119711126588,0.0314455360757536,0.999943905168657
"223","G0223",0.951553499223972,-0.17114698330275,-0.256643482649674,0.999943905168657
"224","G0224",0.970974959250188,-0.231283193553488,-0.29156489209872,0.999943905168657
"225","G0225",0.343940644259351,-0.848538327155756,-0.747275016612234,0.999943905168657
"226","G0226",0.937236148687366,-0.371639576559428,-0.324578114444777,0.999943905168657
"227","G0227",0.813627908446932,0.293822598778791,0.303677930952697,0.999943905168657
"228","G0228",0.953739618499636,-0.127204940593708,-0.213718990796832,0.999943905168657
"229","G0229",0.959335374313391,-0.378235000873939,-0.411505869849041,0.999943905168657
"230","G0230",0.990286194947335,0.165758184883862,0.124234132976471,0.999943905168657
"231","G0231",0.999653679251763,0.114350700270437,0.159066673628373,0.999943905168657
"232","G0232",0.817721886275513,-0.213098701437525,-0.302380781449765,0.999943905168657
"233","G0233",0.74073586222663,-0.321295051014111,-0.498515652473335,0.999943905168657
"234","G0234",0.802405270225974,-0.222275473345545,-0.314964761461358,0.999943905168657
"235","G0235",0.729027365707746,-0.297051824694474,-0.304361677965171,0.999943905168657
"236","G0236",0.849692052489116,-0.310887925419828,-0.339401091623477,0.999943905168657
"237","G0237",0.918661554623526,-0.042988328461812,-0.116951801129368,0.999943905168657
"238","G0238",0.948410959206858,-0.137552992909965,-0.213154451447445,0.999943905168657
"239","G0239",0.974840739134533,-0.127351870455041,-0.230808129653694,0.999943905168657
"240","G0240",0.604539213921857,-0.280148427808977,-0.246141224416503,0.999943905168657
"241","G0241",0.948484627399461,-0.141831868164343,-0.22007274521763,0.999943905168657
"242","G0242",0.738523570437822,-0.026706128761135,0.156868138819576,0.999943905168657
"243","G0243",0.864379448945446,-0.254136148070515,-0.312989532604207,0.999943905168657
"244","G0244",0.97447379617932,0.096437915616478,0.0316535651804355,0.999943905168657
"245","G0245",0.947585068579023,0.0509326821083938,0.0484892016808133,0.999943905168657
"246","G0246",0.760025295383481,-0.443904531983574,-0.612713180226254,0.999943905168657
"247","G0247",0.574155097281356,0.176676278382498,0.106074497329128,0.999943905168657
"248","G0248",0.981519106930416,0.0909155932208713,0.0620569449694542,0.999943905168657
"249","G0249",0.921827013195922,-0.246862630227769,-0.333518472697276,0.999943905168657
"250","G0250",0.522124947831994,-0.0259334546463307,-0.191083075603129,0.999943905168657
"251","G0251",0.927510937757333,0.22057648718851,0.283810027168549,0.999943905168657
"252","G0252",0.995515736402865,-0.0351755185358868,-0.0207082679185783,0.999943905168657
"253","G0253",0.98722642172245,-0.0140456379394151,-0.0866411214878634,0.999943905168657
"254","G0254",0.640687418929116,0.0314521090413358,0.0799615108684285,0.999943905168657
"255","G0255",0.993768840106657,-0.12754780577886,-0.216871120146658,0.999943905168657
"256","G0256",0.698881844301349,-0.364973834021589,-0.540665635986326,0.999943905168657
"257","G0257",0.89659899109691,-0.312092201474846,-0.463615766291737,0.999943905168657
"258","G0258",0.809499353797302,0.07876505595472,0.185858724940571,0.999943905168657
"259","G0259",0.498918686886786,-0.400234395836964,-0.428929840487456,0.999943905168657
"260","G0260",0.734533768713481,-0.00947342660761197,-0.00111602588762644,0.999943905168657
"261","G0261",0.882345350694458,0.0601788670165459,0.0314698295430908,0.999943905168657
"262","G0262",0.903269416445881,0.0588049074190294,0.0958746956225656,0.999943905168657
"263","G0263",0.981895234617164,-0.0507328307463091,-0.182319483125003,0.999943905168657
"264","G0264",0.877339390143502,-0.337286369587319,-0.546323982863644,0.999943905168657
"265","G0265",0.891815324592,-0.0784525422947124,-0.0385139743007919,0.999943905168657
"266","G0266",0.730172563241613,-0.141924094953049,-0.259321887253341,0.999943905168657
"267","G0267",0.97770636993591,0.0468650905363928,0.0240034071946188,0.999943905168657
"268","G0268",0.928866585021195,0.0148147836034975,-0.00277469627949689,0.999943905168657
"269","G0269",0.999147679484856,0.0955122978738505,0.146818755093651,0.999943905168657
"270","G0270",0.430026126612232,0.436237396089597,0.703512529968803,0.999943905168657
"271","G0271",0.000881080378886044,0.55182372442751,1.35646105714186,0.0208522356336364
"272","G0272",0.848468040656103,0.0525641745124319,0.0737644797616459,0.999943905168657
"273","G0273",1.3421121840585e-40,1.37378577022944,3.8550653008368,8.33787194346345e-39
"274","G0274",0.996580799590123,-0.181472823462295,-0.22674317063777,0.999943905168657
"275","G0275",0.949275464515303,-0.248363927425921,-0.425366666007174,0.999943905168657
"276","G0276",0.922736217547652,-0.176605606774896,-0.241449611532524,0.999943905168657
"277","G0277",0.996328463075983,-0.0838875609549999,-0.0434099829587536,0.999943905168657
"278","G0278",0.736173690285937,-0.189931139855651,-0.166443224014064,0.999943905168657
"279","G0279",0.828349931472743,0.0986530157206873,0.131846939217193,0.999943905168657
"280","G0280",1.00270070929067e-81,2.12025226676216,6.03195114224338,7.66680388488408e-80
"281","G0281",0.992993130192769,-0.0514685457312722,-0.0237936166639638,0.999943905168657
"282","G0282",0.859944758553039,-0.343159624391126,-0.524928329331923,0.999943905168657
"283","G0283",0.998519034882324,-0.0801814552964703,-0.0924838180915087,0.999943905168657
"284","G0284",0.968364160066163,0.00634617364434865,-0.0764494990133996,0.999943905168657
"285","G0285",0.953831298030208,-0.139273107097398,-0.287406741665856,0.999943905168657
"286","G0286",0.952434458037056,-0.227073294211012,-0.416512637560254,0.999943905168657
"287","G0287",0.996758437336622,-0.062730865350454,-0.1006763787228,0.999943905168657
"288","G0288",0.987551609349185,-0.130082079809062,-0.202590184008878,0.999943905168657
"289","G0289",0.546079537595257,0.293107997863733,0.554131665527321,0.999943905168657
"290","G0290",0.997696605976581,-0.252294735222779,-0.20911063677865,0.999943905168657
"291","G0291",0.601463976139456,0.0187444146585895,0.21305495449151,0.999943905168657
"292","G0292",0.903513744569595,-0.450944278022838,-0.500044888032593,0.999943905168657
"293","G0293",0.979404546346487,-0.168825384348433,-0.224844008184569,0.999943905168657
"294","G0294",0.982331641727366,0.0989003627302678,0.102034898474953,0.999943905168657
"295","G0295",0.0864221092879504,-1.25662752267328,-1.05637320339624,0.999943905168657
"296","G0296",0.92329527981807,-0.0712710660924591,-0.162961107870281,0.999943905168657
"297","G0297",0.990594134246918,-0.00530386503548914,-0.0297055792243479,0.999943905168657
"298","G0298",0.998872544715153,0.0385046826967344,0.0519174924763289,0.999943905168657
"299","G0299",0.898164539560789,-0.543233943239865,-0.470824733593238,0.999943905168657
"300","G0300",0.616507254773374,-0.00217195457171027,-0.139587388692134,0.999943905168657
"301","G0301",0.932708565244717,-0.0882119849104333,-0.194619727371307,0.999943905168657
"302","G0302",0.991817165997262,0.0621430568628593,0.0215280791060375,0.999943905168657
"303","G0303",0.989413480070541,-0.107687924231151,-0.122402274840875,0.999943905168657
"304","G0304",0.892382998863434,-0.0764518172419567,-0.104670851730409,0.999943905168657
"305","G0305",0.284076450718763,-0.271747580758701,-0.427075959295269,0.999943905168657
"306","G0306",0.771646606737116,-0.14423835952351,-0.33967116572322,0.999943905168657
"307","G0307",0.870006546237934,-0.0655600945562556,-0.0552407007275746,0.999943905168657
"308","G0308",0.0593645361575714,-1.22052429587004,-0.995281412986381,0.999943905168657
"309","G0309",0.883378588788828,0.0154909767139501,0.0451813127393445,0.999943905168657
"310","G0310",0.996030442200002,-0.036683510269217,-0.0368691625119132,0.999943905168657
"311","G0311",0.993797430225641,0.0807280574287576,0.164255700470367,0.999943905168657
"312","G0312",0.997198396612436,0.101613303268985,0.0498861982102622,0.999943905168657
"313","G0313",0.995640995653587,-0.161047230376707,-0.221623015911667,0.999943905168657
"314","G0314",0.78358583236843,-0.178962704999182,-0.163628815471434,0.999943905168657
"315","G0315",0.718751773595059,0.195208262359644,0.238758137884801,0.999943905168657
"316","G0316",0.837113336593755,0.145008031517461,0.165757624850576,0.999943905168657
"317","G0317",0.996480058605098,-0.178988116206818,-0.296677678388511,0.999943905168657
"318","G0318",0.960784721203672,0.093706753984033,0.101533419683816,0.999943905168657
"319","G0319",0.800286118702822,-0.0434332740052032,-0.0989034306126593,0.999943905168657
"320","G0320",0.939067737438156,-0.0528639339372903,-0.0298864781772305,0.999943905168657
"321","G0321",0.96388404391427,0.170563598246631,0.298720138033307,0.999943905168657
"322","G0322",0.802554046535559,-0.486195843169548,-0.538430747415905,0.999943905168657
"323","G0323",0.94396294541091,-0.177012072168504,-0.328405945705837,0.999943905168657
"324","G0324",0.989351452119002,-0.151269855905724,-0.172755675946129,0.999943905168657
"325","G0325",0.859740205092737,-0.115033190411533,-0.169738807029068,0.999943905168657
"326","G0326",0.966744237698037,0.206531022505723,0.123684221645115,0.999943905168657
"327","G0327",0.980848149884843,-0.148976797780809,-0.202702682558486,0.999943905168657
"328","G0328",0.809454801172875,-0.20982971604728,-0.351668838417473,0.999943905168657
"329","G0329",0.579876530777284,0.0485831787226667,0.149392243699572,0.999943905168657
"330","G0330",0.997095977794437,-0.0707302444610014,-0.0905999446251048,0.999943905168657
"331","G0331",0.99311722375753,-0.11984386404381,-0.142679865444014,0.999943905168657
"332","G0332",0.909990410437423,-0.262155621372246,-0.196662887621836,0.999943905168657
"333","G0333",0.710224898183016,-0.381729066794506,-0.472298455640908,0.999943905168657
"334","G0334",0.951244644544642,-0.14407125437502,-0.228674819833449,0.999943905168657
"335","G0335",0.974652282439242,-0.0836967000231383,-0.191846854441395,0.999943905168657
"336","G0336",0.954532195108479,-0.107877928260228,-0.0815822962675868,0.999943905168657
"337","G0337",0.998921984115566,-0.0599979698912848,-0.0433150000948258,0.999943905168657
"338","G0338",0.895977381535988,0.318052035965007,0.345124574246665,0.999943905168657
"339","G0339",0.983692000681959,-0.0937874517308147,-0.133759997854941,0.999943905168657
"340","G0340",0.781766285928187,-0.0525670943251001,2.90367888559208e-05,0.999943905168657
"341","G0341",0.996041171977814,0.0106374362039899,0.0124999726679359,0.999943905168657
"342","G0342",0.853182368545011,-0.232103164073925,-0.247040734153407,0.999943905168657
"343","G0343",0.958281946714598,0.0734178534350054,0.0426362651606286,0.999943905168657
"344","G0344",NA,NA,NA,NA
"345","G0345",0.95585676171528,0.0468611252797639,0.124672913016577,0.999943905168657
"346","G0346",0.945398605634238,0.14904468438805,0.0140856049035331,0.999943905168657
"347","G0347",0.72432478657549,-0.0168590594875287,0.111452881445697,0.999943905168657
"348","G0348",0.986125391258501,0.11491163862576,0.0764687973460356,0.999943905168657
"349","G0349",9.23835736504024e-08,0.969914750169084,2.08997330323095,2.55081311690278e-06
"350","G0350",0.986872817601538,0.0112703943053146,-0.100331056456459,0.999943905168657
"351","G0351",0.983488211865516,-0.0948158374079196,-0.115904421700598,0.999943905168657
"352","G0352",0.963450825450836,0.154071182901806,0.147310223652805,0.999943905168657
"353","G0353",0.788842854269747,0.0983398782653097,0.0781229802838482,0.999943905168657
"354","G0354",0.374414917770514,-0.62669576086637,-0.661706931407918,0.999943905168657
"355","G0355",0.928447847799018,0.142211214685771,0.235905094390972,0.999943905168657
"356","G0356",0.949073498127912,-0.120610509201267,-0.0733592177195258,0.999943905168657
"357","G0357",0.941567266681724,-0.137344573428149,-0.231270801146009,0.999943905168657
"358","G0358",0.995151812820134,-0.00407997548363876,-0.132193333548143,0.999943905168657
"359","G0359",0.857369140717286,-0.390805771851465,-0.356932727358201,0.999943905168657
"360","G0360",0.995737488479598,-0.165204253183674,-0.192283918063007,0.999943905168657
"361","G0361",0.790090608658298,-0.221439244405967,-0.436060007836016,0.999943905168657
"362","G0362",4.8758332678927e-06,1.03218271395211,1.86875404738916,0.00012754153337593
"363","G0363",0.997959559522942,-0.221311131657147,-0.294830771644242,0.999943905168657
"364","G0364",0.810558745556143,-0.567954695338551,-0.425200592340542,0.999943905168657
"365","G0365",0.8707256099491,-0.160477228511669,-0.252515740589114,0.999943905168657
"366","G0366",0.862420982814078,0.0629645802923736,0.127229489318824,0.999943905168657
"367","G0367",0.933582598653409,-0.0905955347210131,-0.118951790354583,0.999943905168657
"368","G0368",0.992070614262081,0.0356820751508522,-0.0523304350797187,0.999943905168657
"369","G0369",0.986520665167216,-0.167904852214462,-0.177715467085823,0.999943905168657
"370","G0370",0.887883105572704,0.0240277136505164,-0.0763257031627914,0.999943905168657
"371","G0371",0.991684929286807,-0.0162794171045177,-0.0253261726012586,0.999943905168657
"372","G0372",0.874949912681071,-0.0279115974827492,-0.142038292163974,0.999943905168657
"373","G0373",0.958195271995069,0.183191586405562,0.263699401765513,0.999943905168657
"374","G0374",1.51527768593277e-11,1.24591962222282,2.32240859506111,4.85866458005541e-10
"375","G0375",0.84536123323181,-0.322475556988886,-0.464870209260072,0.999943905168657
"376","G0376",0.977195686545321,0.0879951597248021,0.0536205430547369,0.999943905168657
"377","G0377",0.997718704561865,0.0695704447712138,0.0484875783487226,0.999943905168657
"378","G0378",0.826636203275265,0.169023220062472,0.0934236171174069,0.999943905168657
"379","G0379",0.954788652734036,0.0749889448803703,0.0400197839406331,0.999943905168657
"380","G0380",0.982823959831496,-0.0158190818401047,-0.0838899968701785,0.999943905168657
"381","G0381",0.751997639965953,-0.0790228938136565,0.011240518731678,0.999943905168657
"382","G0382",0.906879086914801,-0.206591132438795,-0.290566844753547,0.999943905168657
"383","G0383",0.814686721467724,-0.286541565978052,-0.350099396662318,0.999943905168657
"384","G0384",0.994522614354121,-0.0701365506601882,-0.110008893842502,0.999943905168657
"385","G0385",0.596403543891697,0.144403810672163,0.468131579524656,0.999943905168657
"386","G0386",0.95040572392294,-0.0656039924577221,-0.0173896292532388,0.999943905168657
"387","G0387",0.628847733876039,0.386978992940628,0.134254119659153,0.999943905168657
"388","G0388",0.95425142274896,0.0751908639278078,0.146486107643079,0.999943905168657
"389","G0389",0.885703600255907,-0.135192552779061,-0.158932417420313,0.999943905168657
"390","G0390",0.970761169403447,-0.156161059124814,-0.213123819201202,0.999943905168657
"391","G0391",0.66919550199131,-0.275732139845214,-0.310717699518926,0.999943905168657
"392","G0392",0.924649757611003,0.0219900980297511,0.0498534491449303,0.999943905168657
"393","G0393",0.779085523860331,-0.388404293724385,-0.495350555751736,0.999943905168657
"394","G0394",0.970180031026351,-0.24620214034813,-0.400071414188802,0.999943905168657
"395","G0395",0.898712976103697,0.276309769856842,0.294162090607475,0.999943905168657
"396","G0396",0.982371402186804,0.00100272427863703,0.0140009333641921,0.999943905168657
"397","G0397",0.967397575242404,0.154524499488694,0.188938844833061,0.999943905168657
"398","G0398",0.993914029686103,0.0563274861508495,0.0394485228807268,0.999943905168657
"399","G0399",0.716555042715427,-0.0928810613242559,-0.172707603148964,0.999943905168657
"400","G0400",0.884856735982247,-0.371399587816558,-0.420622906136401,0.999943905168657
"401","G0401",0.832578272151952,0.00348706760625853,-0.10441976570075,0.999943905168657
"402","G0402",0.434417993140293,-0.434444895114718,-0.63460753081434,0.999943905168657
"403","G0403",0.522705315050685,-0.892994457061904,-0.722649207863488,0.999943905168657
"404","G0404",0.962593764499451,0.261461543536119,0.290466114425201,0.999943905168657
"405","G0405",0.955450480965849,-0.0493769182030598,-0.121472840937694,0.999943905168657
"406","G0406",0.717963641793265,-0.313566940545051,-0.461899786087467,0.999943905168657
"407","G0407",0.909462745541005,0.0670942243300417,0.0881328460272153,0.999943905168657
"408","G0408",0.974527158282827,-0.11115613797008,-0.221890298225668,0.999943905168657
"409","G0409",0.994654754889492,0.142736445535219,0.211353590587594,0.999943905168657
"410","G0410",0.942346261550829,-0.0342202834606405,-0.148729744633431,0.999943905168657
"411","G0411",0.935552113940501,-0.0454097630577885,-0.0891679523797813,0.999943905168657
"412","G0412",0.991988141111088,-0.00179120680344423,0.0220364810977951,0.999943905168657
"413","G0413",0.868209961541685,-0.0420613538017393,-0.161109810082864,0.999943905168657
"414","G0414",0.998541086965901,-0.155470466671555,-0.100715635388174,0.999943905168657
"415","G0415",0.984998337209626,-0.157063438290341,-0.301762941353032,0.999943905168657
"416","G0416",0.950435947757488,-0.0448587159088551,-0.0928885143538033,0.999943905168657
"417","G0417",0.955532737964324,-0.0281312309499752,-0.0959145109610171,0.999943905168657
"418","G0418",0.971756101191223,-0.0962202113380802,-0.144443548459828,0.999943905168657
"419","G0419",0.971475178583846,-0.01285100547581,-0.0268572721127737,0.999943905168657
"420","G0420",0.997701147602749,0.106767955585541,0.130403636827377,0.999943905168657
"421","G0421",0.999561826101286,-0.00534461543920749,0.0116245026682579,0.999943905168657
"422","G0422",3.50678480747235e-103,2.48173401708664,6.63941073334342,3.48574409862751e-101
"423","G0423",0.916286025146163,-0.165188529096087,-0.199430645796997,0.999943905168657
"424","G0424",0.905623535423356,-0.074428943507356,-0.131996013443586,0.999943905168657
"425","G0425",0.901382885070354,-0.0590198024923739,-0.0217111588861554,0.999943905168657
"426","G0426",0.870121498418291,-0.197195450928945,-0.250952803731997,0.999943905168657
"427","G0427",0.631288566621147,-0.391452423671505,-0.338480372795588,0.999943905168657
"428","G0428",0.972106962636722,0.0759706546618114,-0.00369489776351357,0.999943905168657
"429","G0429",0.969270289583336,-0.11342923398003,-0.256224369406931,0.999943905168657
"430","G0430",0.129241881892922,-1.44683270336672,-1.03387658188194,0.999943905168657
"431","G0431",0.917376719544085,-0.142436134288374,-0.0760910784816395,0.999943905168657
"432","G0432",0.765712970349245,-0.348463186845608,-0.306412841402775,0.999943905168657
"433","G0433",0.994507235932038,0.00307075972731269,-0.0743186074790824,0.999943905168657
"434","G0434",0.946324625116562,-0.201830662831686,-0.230679194797158,0.999943905168657
"435","G0435",0.929471198999393,-0.0916712629667476,-0.187851596494553,0.999943905168657
"436","G0436",0.209756019986109,-1.28256063506214,-1.00620685670098,0.999943905168657
"437","G0437",0.642039370614362,-0.00693575101260866,0.018320711586943,0.999943905168657
"438","G0438",0.93549658105928,-0.276554339350476,-0.367194673353536,0.999943905168657
"439","G0439",0.993399211992354,-0.171127121280943,-0.0983037891245998,0.999943905168657
"440","G0440",0.591694067432372,-0.107451173710753,-0.235994947419162,0.999943905168657
"441","G0441",0.482955462377191,-0.314441032522053,-0.500364009444571,0.999943905168657
"442","G0442",0.871346101261237,-0.0582641878383428,-0.0228349943758758,0.999943905168657
"443","G0443",0.999250183021299,-0.156097884114265,-0.225306576699955,0.999943905168657
"444","G0444",0.0642484836837774,0.598794700802543,1.10074312500394,0.999943905168657
"445","G0445",0.941032417456546,0.0705420737432371,0.0725774198177901,0.999943905168657
"446","G0446",0.685353526936428,-0.347942384301628,-0.379251333904885,0.999943905168657
"447","G0447",0.564902479405186,-0.247600024139767,-0.301957519090847,0.999943905168657
"448","G0448",0.784987371173446,-0.140732849809755,-0.184300270868285,0.999943905168657
"449","G0449",0.936694171238628,-0.125634354514506,-0.193280990539911,0.999943905168657
"450","G0450",0.908519081844923,-0.308345048320631,-0.53551092269377,0.999943905168657
"451","G0451",0.999943905168657,-0.0459451226795031,-0.062242574571618,0.999943905168657
"452","G0452",0.843285730052996,-0.0147757183776607,0.0284374257243852,0.999943905168657
"453","G0453",0.988605008394681,-0.294175248643422,-0.37776585910899,0.999943905168657
"454","G0454",0.999220000163328,0.128142114616265,0.152880372821272,0.999943905168657
"455","G0455",0.867291208213437,-0.418853407859685,-0.557592002935772,0.999943905168657
"456","G0456",0.917807133093863,-0.234576430622749,-0.337267511212841,0.999943905168657
"457","G0457",0.794746247436246,0.00381836191848887,-0.0769988024418607,0.999943905168657
"458","G0458",0.927645173019692,0.123660820611088,0.204015846928395,0.999943905168657
"459","G0459",0.991445896078982,0.076382788183761,0.122302178090615,0.999943905168657
"460","G0460",0.836525018976744,0.153665143630422,0.287115944823014,0.999943905168657
"461","G0461",0.99169496077082,-0.143597368580413,-0.200727847807591,0.999943905168657
"462","G0462",0.763818215892976,-0.342529704938221,-0.453462088824094,0.999943905168657
"463","G0463",0.986534399180432,0.00265088658647319,-0.085729149018653,0.999943905168657
"464","G0464",0.99353442167122,-0.179718211730062,-0.223530012549155,0.999943905168657
"465","G0465",0.843715275850647,-0.285944118959835,-0.454746139657444,0.999943905168657
"466","G0466",0.876857447605063,0.00179126049330905,0.0409910574272583,0.999943905168657
"467","G0467",0.961547552088983,0.161174066597405,0.0689527675709889,0.999943905168657
"468","G0468",0.953131476768837,0.0401896656212146,-0.00191224949295594,0.999943905168657
"469","G0469",0.952603527544469,-0.0505554693236718,-0.0214720919311357,0.999943905168657
"470","G0470",0.825390127762694,-0.271148538403589,-0.471516826459197,0.999943905168657
"471","G0471",0.722457395703958,-0.0981089631938983,-0.0619624755102954,0.999943905168657
"472","G0472",0.901242078909078,0.0494595045500356,-0.0778560497634995,0.999943905168657
"473","G0473",0.827917485723108,-0.855318226139428,-0.595209738868281,0.999943905168657
"474","G0474",0.302496013191712,-0.279569201005555,-0.536872420954396,0.999943905168657
"475","G0475",0.981974196537577,-0.0699600365753918,-0.0877772804736861,0.999943905168657
"476","G0476",0.953220062341214,0.159127721411867,0.208094083538578,0.999943905168657
"477","G0477",0.974168063015458,0.07776970811224,0.14048090842478,0.999943905168657
"478","G0478",0.99980365139728,-0.0165838485752705,-0.0252137943320407,0.999943905168657
"479","G0479",0.963470699963553,-0.221186662631916,-0.287306158861445,0.999943905168657
"480","G0480",0.959632767533026,-0.128545175015419,-0.1028349489852,0.999943905168657
"481","G0481",0.599542810779197,-0.298615446385221,-0.361078262452718,0.999943905168657
"482","G0482",0.784248495971726,0.0373442714945626,0.0890453763509485,0.999943905168657
"483","G0483",0.964829166344171,-0.124233395082039,-0.130379481178559,0.999943905168657
"484","G0484",0.925098282351415,0.150569645929657,0.23752059793209,0.999943905168657
"485","G0485",0.574585501619393,-0.837088635173472,-0.582653576885198,0.999943905168657
"486","G0486",0.826964005731808,-0.147699339458443,-0.0118243038653433,0.999943905168657
"487","G0487",0.997759149845415,0.0113227660724322,0.00351969487722852,0.999943905168657
"488","G0488",NA,NA,NA,NA
"489","G0489",0.549551335412583,-0.20252162719372,-0.158478661651398,0.999943905168657
"490","G0490",0.972858073341708,-0.0688269576087113,-0.0877247504663025,0.999943905168657
"491","G0491",1.42005899291658e-195,2.99627242116388,9.13687960077224,4.70512879653028e-193
"492","G0492",0.966100021513794,0.00899367605185426,-0.026302727143119,0.999943905168657
"493","G0493",0.954263682331445,0.0578342302090995,0.136616393686323,0.999943905168657
"494","G0494",9.94983163008139e-107,2.10146717688261,6.81637769059111,1.0989036267001e-104
"495","G0495",0.989906775525275,-0.0751198934547226,-0.103285096594249,0.999943905168657
"496","G0496",0.913550016364687,-0.0265544801319427,-0.129790159141867,0.999943905168657
"497","G0497",0.966549312195832,0.006867770995609,-0.0466671370189998,0.999943905168657
"498","G0498",0.976106455413248,-0.330586121983545,-0.361520909750054,0.999943905168657
"499","G0499",0.917535803719358,0.0817598744893236,0.061093483277474,0.999943905168657
"500","G0500",0.926105014898316,-0.342421772858314,-0.431132097830546,0.999943905168657
"501","G0501",0.579458291278665,-1.05556718064943,-0.76249741494473,0.999943905168657
"502","G0502",0.905216278707703,-0.0280982125708447,-0.10460358115597,0.999943905168657
"503","G0503",0.954051135791204,-0.285567899576318,-0.201004645299345,0.999943905168657
"504","G0504",0.335399294580881,-1.11963738877223,-0.674308164841594,0.999943905168657
"505","G0505",0.281094515776368,-0.271291691224805,-0.277292228613621,0.999943905168657
"506","G0506",0.973833122567332,-0.173442320666606,-0.206600895969859,0.999943905168657
"507","G0507",0.918796185183374,-0.212174774804269,-0.331376391514393,0.999943905168657
"508","G0508",0.951674103596849,-0.163377662641756,-0.20204876108692,0.999943905168657
"509","G0509",0.534093085447708,-0.280704864788703,-0.356164967396078,0.999943905168657
"510","G0510",6.94190644340788e-12,1.18769867594238,2.58123289570278,2.30008500158248e-10
"511","G0511",0.30959824292429,-0.124602551249621,-0.383109592124999,0.999943905168657
"512","G0512",0.611561185977805,-0.355579681430122,-0.368625971970896,0.999943905168657
"513","G0513",0.945533056480071,-0.00857047032630236,0.0887250552535234,0.999943905168657
"514","G0514",0.972633222912076,-0.0421197533447057,-0.065231033517893,0.999943905168657
"515","G0515",0.871217202678618,-0.0953504979261253,-0.217315156977988,0.999943905168657
"516","G0516",0.903979169726763,-0.0170997359543825,0.091314126840351,0.999943905168657
"517","G0517",0.873127617632201,-0.221631622355234,-0.337866115715438,0.999943905168657
"518","G0518",0.92988673660711,-0.122187267704745,-0.114551519844135,0.999943905168657
"519","G0519",0.772504165959805,-0.0808255054075749,-0.156809578269427,0.999943905168657
"520","G0520",0.94058651708999,-0.0825654475521601,-0.0820937662300309,0.999943905168657
"521","G0521",0.946495179970882,-0.0560796976359382,0.0879584343409716,0.999943905168657
"522","G0522",0.959385912236643,-0.198192591111587,-0.147523497105724,0.999943905168657
"523","G0523",0.984864265585511,0.12519544433977,0.122282514340505,0.999943905168657
"524","G0524",0.868951536484627,-0.211788563351713,-0.318029660269739,0.999943905168657
"525","G0525",0.949512372934764,0.192623558908494,0.32768608615451,0.999943905168657
"526","G0526",0.774775593798996,0.17026637498684,0.0633449403617844,0.999943905168657
"527","G0527",0.972234117091424,-0.168060998666982,-0.304827258018398,0.999943905168657
"528","G0528",0.954824691232252,-0.0497310518479338,-0.0846938070420382,0.999943905168657
"529","G0529",0.837793417264594,0.0877007345070058,0.11718839844717,0.999943905168657
"530","G0530",0.981271067075615,0.0767977113655451,-0.00122742650878691,0.999943905168657
"531","G0531",0.864829695950044,0.132478195003863,0.256747213432096,0.999943905168657
"532","G0532",1.73429788389751e-46,1.52270553944709,4.44210099998481,1.23135149756723e-44
"533","G0533",0.115461855374005,-1.33650291456077,-1.08334958753033,0.999943905168657
"534","G0534",0.943006385506871,0.0261395947770675,-0.0687927382753225,0.999943905168657
"535","G0535",0.907839986280618,-0.162009746106353,-0.215747098415159,0.999943905168657
"536","G0536",0.778078415603457,0.0851970078001463,0.18150667502657,0.999943905168657
"537","G0537",0.995154029358141,-0.00623909058158009,0.0180856623004798,0.999943905168657
"538","G0538",0.994435191637143,0.0748523433870744,0.140909536373887,0.999943905168657
"539","G0539",0.74373282894344,-0.0580597095062923,-0.318327587320567,0.999943905168657
"540","G0540",0.877293525796761,0.00409807197636217,-0.0967380093889417,0.999943905168657
"541","G0541",0.970606345249677,-0.287084253478823,-0.375558575956223,0.999943905168657
"542","G0542",0.903528490157527,-0.0534214905310531,-0.0350227726882404,0.999943905168657
"543","G0543",0.948012647666261,0.31078642964318,0.329495720578352,0.999943905168657
"544","G0544",0.944330948771659,-0.116946523806486,-0.124634739557337,0.999943905168657
"545","G0545",0.905269956920965,-0.13866713609056,-0.303139788964965,0.999943905168657
"546","G0546",0.873383632488479,-0.0999928098790074,-0.13662350321098,0.999943905168657
"547","G0547",0.72219357082607,0.116483559307567,0.265104649039216,0.999943905168657
"548","G0548",0.714703044960138,-0.173179765493646,-0.240541184176631,0.999943905168657
"549","G0549",0.992467074430549,0.0576473147625092,-0.023577556268029,0.999943905168657
"550","G0550",0.780852061382015,-0.0422194168957205,-0.0983222288836613,0.999943905168657
"551","G0551",0.944286043909924,-0.269751334431511,-0.40066486389308,0.999943905168657
"552","G0552",0.971475734780982,-0.0429012009917324,-0.055992644691474,0.999943905168657
"553","G0553",0.88834918501258,0.0845416794201843,0.1978663266151,0.999943905168657
"554","G0554",0.924967912691989,0.0884278572070247,0.0683639093461167,0.999943905168657
"555","G0555",0.997837705816252,0.092683494459712,0.155245994760018,0.999943905168657
"556","G0556",0.820482812586093,0.0551920919821507,0.124457211476427,0.999943905168657
"557","G0557",0.651107946122678,-0.0777592269060518,-0.0380514848073218,0.999943905168657
"558","G0558",0.895388127179107,-0.0132574722792401,-0.0262531781670725,0.999943905168657
"559","G0559",0.969953553623199,-0.0538071597712842,-0.0787995780636204,0.999943905168657
"560","G0560",0.965713493964689,0.203740349677506,0.247754923741019,0.999943905168657
"561","G0561",0.7632595015152,-0.0451455807472436,-0.0333350022485752,0.999943905168657
"562","G0562",0.00336581402496306,-1.57570305039884,-1.45042968498831,0.0760367986548474
"563","G0563",0.832654541086995,-0.386646601376183,-0.407454520473522,0.999943905168657
"564","G0564",0.937070573333343,-0.187991660583985,-0.285907509531821,0.999943905168657
"565","G0565",0.680443604147492,-0.0633006795431338,-0.300566735582807,0.999943905168657
"566","G0566",0.430529652469439,-0.39374684371859,-0.403498518518685,0.999943905168657
"567","G0567",8.13218420125553e-37,1.73183054222192,4.29528857085867,4.25441636634105e-35
"568","G0568",0.973671642482379,0.0354557114843454,-0.0921804888993036,0.999943905168657
"569","G0569",0.472165808980569,0.350640391703648,0.636436022842299,0.999943905168657
"570","G0570",8.40671493391447e-146,2.88910678275405,8.0474191754276,1.6712549288622e-143
"571","G0571",0.97230910452289,-0.211362372451976,-0.231751052990819,0.999943905168657
"572","G0572",0.985639188666895,-0.113157780797741,-0.0219553849661647,0.999943905168657
"573","G0573",0.856102771101474,-0.00827225964970639,-0.0626401638045187,0.999943905168657
"574","G0574",0.519404050825143,-0.0591574162107234,-0.129671931578559,0.999943905168657
"575","G0575",0.846666411799648,-0.0236266423484778,-0.0817473105545356,0.999943905168657
"576","G0576",0.971232187969232,0.119380960979048,0.0869637534450841,0.999943905168657
"577","G0577",0.992825030731833,-0.0686231681687722,-0.0805987051288387,0.999943905168657
"578","G0578",0.894366925894971,-0.107815706309963,-0.184579840477835,0.999943905168657
"579","G0579",0.918725830308858,0.168853377376963,0.390247604886109,0.999943905168657
"580","G0580",0.997344741284027,-0.0782865623364383,-0.110046381613502,0.999943905168657
"581","G0581",0.851428044689896,0.0895051381528741,0.103387363300178,0.999943905168657
"582","G0582",0.860651750158101,-0.196918074374335,-0.290206940171179,0.999943905168657
"583","G0583",0.978421978983327,-0.105598725633033,-0.186078521577803,0.999943905168657
"584","G0584",0.993211789721652,0.183878068228291,0.182258530944976,0.999943905168657
"585","G0585",0.511080129907307,-1.04730567145744,-0.770349025887382,0.999943905168657
"586","G0586",0.498840491141084,-0.271259121258869,-0.374448999534822,0.999943905168657
"587","G0587",0.912598840320901,0.0305217885495864,-0.00734264647283666,0.999943905168657
"588","G0588",0.592952714464052,-0.0294388547619597,-0.0513008978777384,0.999943905168657
"589","G0589",0.189849650868557,-0.680660863340142,-0.654655469346539,0.999943905168657
"590","G0590",0.935440797406741,-0.255365343232392,-0.346606081343668,0.999943905168657
"591","G0591",0.582925040744285,-0.546361621377864,-0.591054086995814,0.999943905168657
"592","G0592",0.705148599699085,-0.129711909001991,-0.216013183127115,0.999943905168657
"593","G0593",0.667022488653549,-0.0716461461153557,-0.148615689744933,0.999943905168657
"594","G0594",0.9828461101134,-0.187150351851333,-0.261729586288896,0.999943905168657
"595","G0595",0.541326476044811,-0.260653683858568,-0.432717786445223,0.999943905168657
"596","G0596",0.95771626661447,-0.0698610553253312,-0.0716048754003417,0.999943905168657
"597","G0597",0.72020235121968,-0.158841504345562,-0.12169099936023,0.999943905168657
"598","G0598",0.964093744908847,-0.0125711044310342,-0.00242034936844596,0.999943905168657
"599","G0599",0.910273218203634,-0.104490293225278,-0.261405259893576,0.999943905168657
"600","G0600",0.481049811165406,-0.523017502149444,-0.633451041019411,0.999943905168657
"601","G0601",0.802594896945996,-0.39890726871353,-0.572508336541027,0.999943905168657
"602","G0602",0.923894315857052,0.0346363945746736,0.0371294222792923,0.999943905168657
"603","G0603",0.821618680122054,-0.282401464634489,-0.392358565761971,0.999943905168657
"604","G0604",0.0104182225282589,-1.65203708144398,-1.28909616443617,0.220334323257221
"605","G0605",0.835967990637756,-0.150549761225262,-0.195679507276654,0.999943905168657
"606","G0606",8.63129494205762e-32,1.43755685650234,3.8025309642301,3.89977598745694e-30
"607","G0607",0.900790076625667,-0.280262384695696,-0.368147083607951,0.999943905168657
"608","G0608",0.980916215550523,-0.0693242068053498,-0.0934174784064989,0.999943905168657
"609","G0609",0.947349691700916,-0.112678740986348,-0.201982338018406,0.999943905168657
"610","G0610",0.462780164327852,-0.307729749678993,-0.314540182969448,0.999943905168657
"611","G0611",0.963111387125618,-0.0404816766514253,-0.0621751773931644,0.999943905168657
"612","G0612",0.983841953716702,-0.00581683965510132,-0.0470384228099049,0.999943905168657
"613","G0613",0.995355849174152,0.00965126235618824,-0.0669243274543826,0.999943905168657
"614","G0614",0.969837620969546,-0.13999786960185,-0.24354010011815,0.999943905168657
"615","G0615",0.886549498645319,-0.206537217008557,-0.380118708134322,0.999943905168657
"616","G0616",0.954822178690293,-0.25261570705128,-0.367752427478708,0.999943905168657
"617","G0617",0.994426981896205,-0.0966815923070019,-0.114736379609984,0.999943905168657
"618","G0618",0.987191083228242,0.117786900787342,0.231647876761511,0.999943905168657
"619","G0619",0.7756670084311,-0.0135614182815591,0.174705704776757,0.999943905168657
"620","G0620",0.288796850019405,-0.589576182641813,-0.801650196115265,0.999943905168657
"621","G0621",0.906537570050122,-0.119725064891398,-0.186021845682042,0.999943905168657
"622","G0622",0.499788932284385,-0.83894180739381,-0.740861372576623,0.999943905168657
"623","G0623",0.879222432482947,-0.182911545735677,-0.282108488819071,0.999943905168657
"624","G0624",0.79435712674178,-0.1022781591382,-0.315270870182315,0.999943905168657
"625","G0625",0.934689180854269,-0.224502930725553,-0.287530015327782,0.999943905168657
"626","G0626",0.67028821831746,-0.193672577235151,-0.211426086943446,0.999943905168657
"627","G0627",0.81409986299985,-0.196400673230479,-0.284899022077805,0.999943905168657
"628","G0628",0.994036431224503,0.0522740981944045,0.0542402090430182,0.999943905168657
"629","G0629",0.468915467428656,-0.482013094623433,-0.505881806126627,0.999943905168657
"630","G0630",0.443597426367121,-0.320086786293566,-0.14641991318632,0.999943905168657
"631","G0631",0.801876453851908,0.00142728495964131,0.0470335433686918,0.999943905168657
"632","G0632",0.919493534390808,-0.190626138614558,-0.320316208335894,0.999943905168657
"633","G0633",0.998821339551133,-0.138345061995144,-0.127876738896612,0.999943905168657
"634","G0634",0.835768680314522,-0.318684673749825,-0.366608453480635,0.999943905168657
"635","G0635",0.790813819654411,-0.0959078116397703,-0.0704714900306738,0.999943905168657
"636","G0636",0.991166903337517,-0.217756795088135,-0.248508411553221,0.999943905168657
"637","G0637",0.986942282790059,-0.017661313957128,0.045949337516976,0.999943905168657
"638","G0638",0.874966015906993,-0.165585399574752,-0.112347349739,0.999943905168657
"639","G0639",0.757956843926841,-0.196148168800419,-0.208832620851698,0.999943905168657
"640","G0640",0.985844174459517,-0.165284637533838,-0.177920420505079,0.999943905168657
"641","G0641",0.987284471444481,0.259768863614092,0.161361474082317,0.999943905168657
"642","G0642",0.518747492398289,0.0762239828403388,0.198600776218725,0.999943905168657
"643","G0643",0.939476694678559,0.222260408371271,0.375030618962975,0.999943905168657
"644","G0644",0.634957578935471,0.358178653004451,0.224481629571726,0.999943905168657
"645","G0645",0.614009031642598,-0.136411875898614,-0.188409221924654,0.999943905168657
"646","G0646",0.889112164996392,-0.249180567025933,-0.32691318533545,0.999943905168657
"647","G0647",1.13597054932635e-28,1.42907163665382,3.46115698717266,4.90936837404518e-27
"648","G0648",0.880526091013539,0.21954368889264,0.239475591473992,0.999943905168657
"649","G0649",0.887702258871829,-0.358427608895302,-0.34206462593583,0.999943905168657
"650","G0650",2.15502207822939e-14,1.10904858379162,2.58265594567861,7.93367387318522e-13
"651","G0651",0.830827269029908,-0.14159905522497,-0.184110614480305,0.999943905168657
"652","G0652",0.934436087797035,0.0104572557871424,0.120804061568199,0.999943905168657
"653","G0653",0.99910192898755,0.0702297065869294,0.107491219794528,0.999943905168657
"654","G0654",0.995241271467965,0.0915771367516372,0.068535485266605,0.999943905168657
"655","G0655",0.992859382245875,0.0904128294990268,0.174574693568471,0.999943905168657
"656","G0656",0.708350144997593,0.264582071085285,0.273574202535045,0.999943905168657
"657","G0657",0.946147038830858,-0.013802209398199,0.055985332586577,0.999943905168657
"658","G0658",0.98518632119445,0.122003276253077,0.165440346166828,0.999943905168657
"659","G0659",0.882133269083409,-0.343883234276875,-0.327545311136556,0.999943905168657
"660","G0660",0.926246419406319,0.122905840286149,0.258367355183446,0.999943905168657
"661","G0661",0.995552925521114,-0.0597589037786162,-0.124699743208042,0.999943905168657
"662","G0662",1.22647719553538e-12,1.06580797050445,2.23399769429574,4.35399404415059e-11
"663","G0663",0.8818260057821,-0.275594197794536,-0.357852063504988,0.999943905168657
"664","G0664",0.913037034724343,0.0802270598333851,0.12946042887906,0.999943905168657
"665","G0665",0.93669853713906,-0.167045038446368,-0.361054303379051,0.999943905168657
"666","G0666",0.658460275900441,-0.206435240053468,-0.308210289581762,0.999943905168657
"667","G0667",0.976171106890025,0.0592851614338689,0.0638349261432981,0.999943905168657
"668","G0668",0.999635478637223,-0.105243673947927,-0.181166178710617,0.999943905168657
"669","G0669",0.0286687549257444,0.621707714693633,1.2048358182692,0.593682133253957
"670","G0670",0.567799556602676,-0.257753197073416,-0.441140583016488,0.999943905168657
"671","G0671",0.893350776288532,-0.25860428897352,-0.446043607757285,0.999943905168657
"672","G0672",0.916070358381493,-0.0237520359929004,-0.0044941434344097,0.999943905168657
"673","G0673",0.989569053148314,-0.131830594954257,-0.203875336303794,0.999943905168657
"674","G0674",0.965969217976782,0.0898082342746054,0.0498111715924566,0.999943905168657
"675","G0675",0.920244087157239,-0.304777856335764,-0.352847568770627,0.999943905168657
"676","G0676",0.983925836305798,0.111914226887544,0.100675730518016,0.999943905168657
"677","G0677",0.924479092417048,0.0583633995946493,0.00631279075527251,0.999943905168657
"678","G0678",NA,NA,NA,NA
"679","G0679",0.602959733855892,-0.40503897576176,-0.343460210890507,0.999943905168657
"680","G0680",0.969381684403997,-0.0920124344083273,-0.136337843530395,0.999943905168657
"681","G0681",0.837106524454094,-0.336108023753455,-0.383378293662592,0.999943905168657
"682","G0682",0.971252865147221,-0.160012977147859,-0.255029146805565,0.999943905168657
"683","G0683",0.869045558345622,-0.147962703360972,-0.154311469683918,0.999943905168657
"684","G0684",0.936234917293086,-0.0371573958215089,-0.112485598162309,0.999943905168657
"685","G0685",0.999024204196652,-0.0182374226939059,-0.0329885153235567,0.999943905168657
"686","G0686",0.970119753608808,-0.438812869739067,-0.406504991515276,0.999943905168657
"687","G0687",0.997098600004672,-0.119936169072514,-0.11544801121967,0.999943905168657
"688","G0688",0.935125770994456,-0.308028914816573,-0.362907449045531,0.999943905168657
"689","G0689",0.923911044617391,-0.220621821566784,-0.308875753205899,0.999943905168657
"690","G0690",0.989190388658066,-0.0891334320866984,-0.236726404794399,0.999943905168657
"691","G0691",0.921396016495163,-0.213389261744358,-0.239794519478452,0.999943905168657
"692","G0692",0.0427806880404779,0.434185341686602,1.00129143812896,0.867836814535408
"693","G0693",0.995877754443513,-0.0804729639155334,-0.102723905301346,0.999943905168657
"694","G0694",0.998408198420332,0.0362388789941176,0.0556802491106558,0.999943905168657
"695","G0695",0.718106997386694,-0.154274285780118,0.108400127666844,0.999943905168657
"696","G0696",0.985370597056472,-0.356988793969739,-0.382244017667956,0.999943905168657
"697","G0697",0.762555877501854,-0.0166464652666638,-0.0622809733877474,0.999943905168657
"698","G0698",NA,NA,NA,NA
"699","G0699",0.860079206402028,-0.225363735440622,-0.382819960103305,0.999943905168657
"700","G0700",0.866535603435419,-0.24410917140034,-0.25078102420732,0.999943905168657
"701","G0701",0.95441823289311,0.202101455646742,0.139920872624433,0.999943905168657
"702","G0702",0.836449439919854,0.0668665620368531,-0.143975300964647,0.999943905168657
"703","G0703",0.184083713691529,-1.41943925065279,-1.02554896167618,0.999943905168657
"704","G0704",0.777507618614253,0.0819254845433144,0.0468955671783948,0.999943905168657
"705","G0705",0.990671514257949,-0.0899356437071806,-0.0914725979332917,0.999943905168657
"706","G0706",0.968730820238702,-0.137165137365427,-0.320838872986182,0.999943905168657
"707","G0707",0.952636524335644,-0.0483888871473879,0.00302330760211292,0.999943905168657
"708","G0708",0.941481832310454,-0.0310826025524488,-0.0122678260468134,0.999943905168657
"709","G0709",0.631597581307183,-0.0505213971833425,-0.138414152736941,0.999943905168657
"710","G0710",0.912081462101935,-0.131745655044509,-0.255925691965123,0.999943905168657
"711","G0711",0.993421299874084,-0.0883840673449783,-0.126313447931936,0.999943905168657
"712","G0712",0.872924008458145,-0.0917772689892951,-0.0935316301948555,0.999943905168657
"713","G0713",0.272442466615047,0.19832259339681,0.354413297160313,0.999943905168657
"714","G0714",0.908135279157243,0.147557888928861,0.25366845566812,0.999943905168657
"715","G0715",0.940922435119816,-0.00816216205640215,-0.0416140080125362,0.999943905168657
"716","G0716",0.988537794071953,0.0358484094742155,-0.0148182093108249,0.999943905168657
"717","G0717",0.993279621087114,0.00427293746536555,-0.0348360297685942,0.999943905168657
"718","G0718",0.999764332362801,-0.0315208700828693,-0.102428809093897,0.999943905168657
"719","G0719",0.999666974828662,0.0268854613314076,0.0571559242148443,0.999943905168657
"720","G0720",0.727007365458578,-0.199617985091157,-0.231333538292263,0.999943905168657
"721","G0721",0.994832252719854,-0.311474669009666,-0.261897282222054,0.999943905168657
"722","G0722",0.810873363563265,-0.121887176823143,-0.132332500714073,0.999943905168657
"723","G0723",0.939017692596977,0.0991399386780968,0.197103143377247,0.999943905168657
"724","G0724",0.970709249652698,-0.107246799949493,-0.0732352395288291,0.999943905168657
"725","G0725",0.7445795305328,-0.169162993076761,-0.303757972536316,0.999943905168657
"726","G0726",0.80549790739027,-0.0288807085101155,0.0270255264586188,0.999943905168657
"727","G0727",0.889033250626467,0.0656727793816109,0.211859175454848,0.999943905168657
"728","G0728",0.27989381732236,-0.370245653033782,-0.550723572853891,0.999943905168657
"729","G0729",0.908900087290184,-0.287819200341677,-0.446535676979747,0.999943905168657
"730","G0730",0.996024211062517,-0.0697043924954441,-0.118090112484929,0.999943905168657
"731","G0731",0.99379102302816,0.0701341306517103,0.106054804422485,0.999943905168657
"732","G0732",0.739409071098683,-0.025988391973957,-0.0547048608967625,0.999943905168657
"733","G0733",0.667182083560539,0.107373236215335,0.238457292206321,0.999943905168657
"734","G0734",0.870493701425827,0.0532490297669771,0.0222484875810164,0.999943905168657
"735","G0735",0.572138497401988,-0.298345488588615,-0.47100599860899,0.999943905168657
"736","G0736",1.96196437987687e-34,1.38575922978085,3.55679140093291,9.75096296798804e-33
"737","G0737",0.986757597592291,-0.078618784362566,-0.0615701762014054,0.999943905168657
"738","G0738",0.966932276372432,-0.0333381552443009,-0.148846019707212,0.999943905168657
"739","G0739",0.730825403564977,0.0441205683348206,-0.128095272041674,0.999943905168657
"740","G0740",0.868391925958494,-0.131911037866386,-0.198015865211178,0.999943905168657
"741","G0741",0.997549952330206,-0.0327743951761953,-0.143174608496994,0.999943905168657
"742","G0742",0.984959469216615,-0.0927657218848515,-0.216387289674836,0.999943905168657
"743","G0743",0.821742826113395,-0.182389942700468,-0.207273100158102,0.999943905168657
"744","G0744",0.916055280877605,-0.360288581188813,-0.36499499283337,0.999943905168657
"745","G0745",0.989489559258946,-0.112634518002658,-0.1852393935242,0.999943905168657
"746","G0746",0.404562896790705,-0.355937534680994,-0.443560076220823,0.999943905168657
"747","G0747",0.999001515558908,0.100683205135575,0.0914717417748424,0.999943905168657
"748","G0748",0.962869587102643,-0.192348709675806,-0.285729229965319,0.999943905168657
"749","G0749",0.926353997096689,-0.40866100293129,-0.537133243350596,0.999943905168657
"750","G0750",0.870364271386694,-0.432626993590876,-0.574619333329383,0.999943905168657
"751","G0751",0.969485565229494,-0.0881149412353316,-0.10837239628402,0.999943905168657
"752","G0752",0.889467794410878,-0.272246166561701,-0.5151349496536,0.999943905168657
"753","G0753",0.00906036350062714,-1.31553005352944,-1.35779384834852,0.195782637383117
"754","G0754",0.962391392236871,0.0948306150069967,0.0220466004335207,0.999943905168657
"755","G0755",0.789032216858409,-0.140999872007146,-0.0583128482893442,0.999943905168657
"756","G0756",0.739524031751148,-0.337688192148326,-0.223834126419055,0.999943905168657
"757","G0757",0.540306348378605,0.188503398314939,0.202240632216588,0.999943905168657
"758","G0758",0.79228399363769,0.0166973343356084,0.0774478204669833,0.999943905168657
"759","G0759",0.797411176389603,-0.178655898065088,-0.412788088579978,0.999943905168657
"760","G0760",0.981336942961798,0.0654986106550131,0.0363446856838918,0.999943905168657
"761","G0761",0.644033931390385,0.219541474519299,0.176141746750301,0.999943905168657
"762","G0762",0.925760895833091,-0.202180481512128,-0.171836575522043,0.999943905168657
"763","G0763",0.909926300627914,-0.101120540727537,-0.174240233935781,0.999943905168657
"764","G0764",0.99822569987581,-0.0203859246567292,0.0206961776841468,0.999943905168657
"765","G0765",0.79504381840462,-0.326665999045917,-0.369288810276916,0.999943905168657
"766","G0766",0.884434922060327,-0.0674864538210793,-0.055847853544893,0.999943905168657
"767","G0767",0.784428025655941,0.202826314809253,0.110596353896482,0.999943905168657
"768","G0768",0.680345519618803,-0.233923633737868,-0.13688724413534,0.999943905168657
"769","G0769",0.993484531378625,-0.073721258385155,-0.153779632823326,0.999943905168657
"770","G0770",0.90653518621428,0.0191173769079135,-0.0175635480826353,0.999943905168657
"771","G0771",0.983922415309636,-0.0160675478227328,-0.0956023117958178,0.999943905168657
"772","G0772",0.950802956555055,-0.213594363095393,-0.213778862707801,0.999943905168657
"773","G0773",0.801070207445283,0.0128326312441304,-0.0836548901701231,0.999943905168657
"774","G0774",2.021749841487e-06,0.71894251135887,1.69808519149906,5.43140362821103e-05
"775","G0775",0.976703556279391,-0.104782085529898,-0.151684305697513,0.999943905168657
"776","G0776",0.941561241193158,-0.09494743197218,-0.0969881472623586,0.999943905168657
"777","G0777",0.876931380425392,-0.280660494983758,-0.437870004744594,0.999943905168657
"778","G0778",0.992897093154959,-0.0347368796324681,-0.16167172471321,0.999943905168657
"779","G0779",0.494017878070919,-0.245245110614254,-0.442677770248694,0.999943905168657
"780","G0780",0.899341629752521,-0.291380700166325,-0.318576381167223,0.999943905168657
"781","G0781",1.19397550804496e-10,1.14563184003457,2.11975707210317,3.70878642186467e-09
"782","G0782",0.964699755703727,-0.184858762122568,-0.123100565087248,0.999943905168657
"783","G0783",1.33009646387468e-20,1.40475332954215,3.10646760124656,5.50881618788097e-19
"784","G0784",0.979536218035844,-0.212838296483033,-0.318862324986169,0.999943905168657
"785","G0785",0.978781063203205,0.0844267789689203,0.14848125038581,0.999943905168657
"786","G0786",0.974930320179824,-0.0595922171491903,-0.0998734076869363,0.999943905168657
"787","G0787",0.829816359426854,0.168194835755283,0.117879802384956,0.999943905168657
"788","G0788",5.44175203635331e-12,1.07511580818516,2.24455830088955,1.86520742211558e-10
"789","G0789",0.986362648764136,-0.0440875205954342,0.0266567469440134,0.999943905168657
"790","G0790",0.963761076570295,-0.386972278633674,-0.446677980807718,0.999943905168657
"791","G0791",0.650042686816119,0.0472192355912309,-0.109397665403113,0.999943905168657
"792","G0792",0.00581065802219059,-1.57564520914488,-1.36017220308221,0.128350979423499
"793","G0793",0.95660454863913,-0.189720220580372,-0.319942797561308,0.999943905168657
"794","G0794",0.89519626894683,0.334792002491465,0.495206633253919,0.999943905168657
"795","G0795",0.914605692458862,-0.113433108583743,-0.21019623277951,0.999943905168657
"796","G0796",0.901137746864467,-0.100178236241379,-0.130234278509926,0.999943905168657
"797","G0797",0.955533589078278,-0.253987158365381,-0.302672939936131,0.999943905168657
"798","G0798",0.978052908798308,0.0670425675214306,0.14266046343009,0.999943905168657
"799","G0799",1.56852347782246e-97,2.1152466214887,6.2574233596207,1.41737485177775e-95
"800","G0800",0.831070440736602,-0.164981380155102,-0.197596707587164,0.999943905168657
"801","G0801",0.997414380686114,-0.0370652559537136,-0.173501225161045,0.999943905168657
"802","G0802",0.771352980365586,-0.0834569908837001,-0.259848685500336,0.999943905168657
"803","G0803",0.614385021380577,0.51434038662006,0.596513359387548,0.999943905168657
"804","G0804",0.871117985115919,-0.0734507966870184,-0.053015467460372,0.999943905168657
"805","G0805",0.998370983819744,0.0516372331200042,0.0689055479767495,0.999943905168657
"806","G0806",0.909170143098927,-0.22551918473629,-0.406642457880024,0.999943905168657
"807","G0807",0.951875458988159,0.0368665524625349,-0.0104128120874318,0.999943905168657
"808","G0808",0.843316116892926,-0.214181399512341,-0.250621652961078,0.999943905168657
"809","G0809",0.895880325510131,0.300251880739486,0.403071476761827,0.999943905168657
"810","G0810",0.813368870018421,0.0207118884360848,-0.102372614452476,0.999943905168657
"811","G0811",0.631109417307046,-0.45474725387486,-0.411857703390304,0.999943905168657
"812","G0812",0.984478148971315,-0.134125582849901,-0.178504811314633,0.999943905168657
"813","G0813",0.828188313869642,-0.0265642737488716,-0.0330268555373781,0.999943905168657
"814","G0814",0.764183824951341,-0.328185676071216,-0.314841152069876,0.999943905168657
"815","G0815",0.935011450572818,0.130883365999522,0.197114085569039,0.999943905168657
"816","G0816",0.997361415190457,0.0914272538713644,0.0464924002280136,0.999943905168657
"817","G0817",0.984508750689275,-0.0561588158135217,-0.0929891727814266,0.999943905168657
"818","G0818",0.990019242208921,0.027586535210294,-0.0859835416083981,0.999943905168657
"819","G0819",0.934843358210999,-0.0491232893786365,0.00635723525062729,0.999943905168657
"820","G0820",0.963870199246867,-0.216943378691018,-0.194428796457735,0.999943905168657
"821","G0821",0.926000701205472,0.00527673194695234,0.0698972574594184,0.999943905168657
"822","G0822",0.882738197032061,-0.1788513968102,-0.305726220531548,0.999943905168657
"823","G0823",0.968439950564899,-0.0802920965475,-0.146752000789422,0.999943905168657
"824","G0824",0.980882119951483,-0.0598684604611244,-0.0721753671161496,0.999943905168657
"825","G0825",0,3.65544300036494,14.9589998461214,0
"826","G0826",0.998764108563101,-0.0830411535966696,-0.0883830222624659,0.999943905168657
"827","G0827",0.953174990247213,-0.181132910700543,-0.328421117619691,0.999943905168657
"828","G0828",0.898920632722972,0.0923905353108235,0.262634555453026,0.999943905168657
"829","G0829",0.991855322181052,-0.0817881822525943,-0.0633278050599311,0.999943905168657
"830","G0830",0.962516420720724,-0.175733567674129,-0.174777969381284,0.999943905168657
"831","G0831",0.667872151558061,-0.0782015089072843,-0.10894340104178,0.999943905168657
"832","G0832",0.813465444667962,-0.245370624474738,-0.357804323273933,0.999943905168657
"833","G0833",0.974039850085576,0.0638050186661058,0.0868490064798179,0.999943905168657
"834","G0834",0.973633668850034,-0.194246656700894,-0.182459473992466,0.999943905168657
"835","G0835",0.900735632215888,0.251911254109478,0.228536912853673,0.999943905168657
"836","G0836",0.842340309417863,-0.0310158800294781,-0.0891537108885038,0.999943905168657
"837","G0837",0.883491274073568,-0.265429856700872,-0.390826553672025,0.999943905168657
"838","G0838",0.790414930254907,0.137072835340289,0.0873670511586911,0.999943905168657
"839","G0839",0.99562497014548,-0.188436218224832,-0.26446464246264,0.999943905168657
"840","G0840",0.846171610724053,-0.266918375578122,-0.38241280511836,0.999943905168657
"841","G0841",0.95400461701653,-0.0167836360965241,-0.0351153939009836,0.999943905168657
"842","G0842",0.943044133130883,-0.230464766085115,-0.320212972538645,0.999943905168657
"843","G0843",0.938735411632036,-0.0782344838474996,-0.0639482546552768,0.999943905168657
"844","G0844",0.881069384843125,0.0764763977542565,-0.0122858058902502,0.999943905168657
"845","G0845",6.05673979449972e-120,2.33176071670915,7.16803485627136,1.00339989262212e-117
"846","G0846",0.590013452090134,-0.37072464922105,-0.245096560250047,0.999943905168657
"847","G0847",0.988213802353379,0.202014662524492,0.208682644919151,0.999943905168657
"848","G0848",0.990905024093116,-0.0672356238612832,-0.133936318718566,0.999943905168657
"849","G0849",0.667583248132372,-0.00947991239912484,0.0032024107286885,0.999943905168657
"850","G0850",0.0764931562816955,-1.69486046212053,-1.14331223560613,0.999943905168657
"851","G0851",0.95864004522366,-0.0841969979763967,-0.136119299955983,0.999943905168657
"852","G0852",0.993578212441866,-0.0968666870863942,-0.172791082237236,0.999943905168657
"853","G0853",0.999909955337646,-0.0274762937783931,-0.0796520165839144,0.999943905168657
"854","G0854",0.997200704558207,-0.187231857632703,-0.295090798449562,0.999943905168657
"855","G0855",0.971888131920355,0.0391952841416683,-0.0987530773124605,0.999943905168657
"856","G0856",0.811741419207793,0.0202265578350465,0.0447980976522141,0.999943905168657
"857","G0857",0.943229490225044,0.0230396997366837,-0.00537438630263999,0.999943905168657
"858","G0858",0.991052001581229,-0.0577453797856649,-0.0596297394461908,0.999943905168657
"859","G0859",0.973833613613106,-0.0718698072479742,-0.0453537789910702,0.999943905168657
"860","G0860",0.937346360480569,0.141457097993687,0.307291247513865,0.999943905168657
"861","G0861",0.97269995055095,-0.046161782577422,0.0200123163043015,0.999943905168657
"862","G0862",0.989742403240261,-0.024074301443373,0.0646235256019259,0.999943905168657
"863","G0863",0.473323122405417,-0.0515765879008947,-0.184566812084018,0.999943905168657
"864","G0864",0.899381192811624,0.00140044541018741,0.0409292490837178,0.999943905168657
"865","G0865",0.580783533743729,0.050429726339968,0.0279579551024071,0.999943905168657
"866","G0866",0.211935749330698,-0.581919841847246,-0.781520049267757,0.999943905168657
"867","G0867",0.932457767966004,0.112348062136657,0.130744525193908,0.999943905168657
"868","G0868",0.999867197358097,-0.0402228895206641,-0.105613823966602,0.999943905168657
"869","G0869",0.998670603154812,-0.138060596167942,-0.181839912252854,0.999943905168657
"870","G0870",0.983910508572502,0.279445349625269,0.312830624921783,0.999943905168657
"871","G0871",0.917532116850016,-0.308337361121212,-0.426605536388348,0.999943905168657
"872","G0872",0.917351520527481,-0.277952724929295,-0.379968701614235,0.999943905168657
"873","G0873",0.997533460966645,-0.0409146013858174,-0.047038554429582,0.999943905168657
"874","G0874",4.21708200447617e-10,0.850838060646932,2.06086013431077,1.23287632719098e-08
"875","G0875",0.828873139418473,-0.00253647796006548,-0.0449487145979323,0.999943905168657
"876","G0876",0.893677813701275,-0.0917905405593516,-0.175295159907695,0.999943905168657
"877","G0877",0.811039942994494,-0.195031252392128,-0.167793195899063,0.999943905168657
"878","G0878",0.945095655132621,-0.189764904195688,-0.120424133125651,0.999943905168657
"879","G0879",0.966301364962697,0.171396119856121,0.267535854686456,0.999943905168657
"880","G0880",0.958890086356664,-0.170369145661899,-0.32785110210263,0.999943905168657
"881","G0881",0.997985114667366,0.0962261542952532,-0.0269542394759756,0.999943905168657
"882","G0882",0.905407947483867,0.161933918988162,0.0926494765747391,0.999943905168657
"883","G0883",0.999478979951185,-0.176155029125402,-0.2042696368154,0.999943905168657
"884","G0884",0.0930303666093681,-1.15288250403936,-1.04071652955677,0.999943905168657
"885","G0885",0.999831468236998,-0.14421644259583,-0.172503633964126,0.999943905168657
"886","G0886",0.785045632562271,0.223989787536768,0.304674186530833,0.999943905168657
"887","G0887",0.982946152863329,-0.236267518013103,-0.347703143872808,0.999943905168657
"888","G0888",0.990414681609251,-0.178989641926831,-0.331165737895183,0.999943905168657
"889","G0889",0.587492709842313,-0.312234685020799,-0.528391137657691,0.999943905168657
"890","G0890",0.949475958370849,-0.215065298457833,-0.274316435209556,0.999943905168657
"891","G0891",0.817420179392259,-0.158129757010474,-0.308224479798864,0.999943905168657
"892","G0892",0.959144796693932,0.0300627818426355,-0.0174189952903937,0.999943905168657
"893","G0893",0.838674104664961,-0.324128803908924,-0.411239305195814,0.999943905168657
"894","G0894",0.949152842626819,0.335717594327598,0.361645106699484,0.999943905168657
"895","G0895",0.991585027448512,-0.205275730210833,-0.265658233087123,0.999943905168657
"896","G0896",0.881696909310538,-1.0148399289579,-0.602207353792606,0.999943905168657
"897","G0897",2.63524325432338e-83,1.62366999761662,5.04024598792426,2.18285982899787e-81
"898","G0898",0.997349847496347,0.0447357956800647,-0.125043450985896,0.999943905168657
"899","G0899",0.827737986431224,-0.204874552655315,-0.19622618908233,0.999943905168657
"900","G0900",0.973190457732661,0.259613683892789,0.356132315225875,0.999943905168657
"901","G0901",0.98279432121872,-0.0566849308977426,-0.062601493517369,0.999943905168657
"902","G0902",0.971825354003258,-0.14235785744495,-0.252370807404642,0.999943905168657
"903","G0903",0.696681095499831,0.123328506047963,0.188541665203896,0.999943905168657
"904","G0904",0.992710665901291,0.00752520433444303,0.0763939881509291,0.999943905168657
"905","G0905",0.980638643682101,-0.0807692015001963,0.00601503589874434,0.999943905168657
"906","G0906",NA,NA,NA,NA
"907","G0907",0.909063493136938,-0.216014889517663,-0.413926788834211,0.999943905168657
"908","G0908",0.823446821805216,-0.0989517126293949,-0.114753672052742,0.999943905168657
"909","G0909",0.753152701925802,-0.229757819852102,-0.207800233855933,0.999943905168657
"910","G0910",0.962296006526671,0.00641314830806282,0.0213389537495686,0.999943905168657
"911","G0911",0.962011397774718,0.00655869441420415,-0.0795950263197606,0.999943905168657
"912","G0912",0.976185734362792,-0.0671033149007927,-0.095622672880779,0.999943905168657
"913","G0913",0.000153152782683064,-1.13001319808885,-1.52168739734118,0.00371302112163331
"914","G0914",NA,NA,NA,NA
"915","G0915",0.987257949291637,-0.0310670778249202,-0.0650220405938675,0.999943905168657
"916","G0916",0.87983582383476,-0.152645367383586,-0.14166431069115,0.999943905168657
"917","G0917",7.09735485112402e-19,1.23420726509376,2.93190192989565,2.82190828880691e-17
"918","G0918",0.926405154883585,0.107453081034418,0.0944288227589799,0.999943905168657
"919","G0919",0.934081588112317,-0.00995149369629392,-0.115855242813187,0.999943905168657
"920","G0920",0.723646168493683,-0.387640070286729,-0.35894256529497,0.999943905168657
"921","G0921",0.972853641519862,0.0658754090462671,-0.0231592143773811,0.999943905168657
"922","G0922",0.861168411691408,0.0649404226229283,-0.056159080289564,0.999943905168657
"923","G0923",0.876321190011553,0.0881856791828238,0.0877707467604711,0.999943905168657
"924","G0924",0.811146092187139,0.156320757183834,0.193423767422485,0.999943905168657
"925","G0925",0.997981822342674,-0.0472888359221243,-0.031503867974098,0.999943905168657
"926","G0926",0.993425451545541,0.0326361433906351,0.0713356323032744,0.999943905168657
"927","G0927",0.853531848818518,-0.199469459286781,-0.354483047004123,0.999943905168657
"928","G0928",0.965668371052018,-0.00657913912689014,-0.132190027077971,0.999943905168657
"929","G0929",0.997391796972443,-0.186519154755738,-0.235914750333856,0.999943905168657
"930","G0930",4.15988745704583e-05,0.813978054363111,1.66275022616879,0.00103373203307589
"931","G0931",0.969184132361519,0.0513857682853178,-0.0170202711394706,0.999943905168657
"932","G0932",0.754753567990354,-0.257859760247972,-0.400255166396661,0.999943905168657
"933","G0933",0.0520281512633252,-1.18590669360419,-1.04893547045437,0.999943905168657
"934","G0934",0.990665599849788,-0.149134424935967,-0.136030144082491,0.999943905168657
"935","G0935",0.995683769849458,0.175164602629019,0.107948490434123,0.999943905168657
"936","G0936",0.848862791183492,-0.826623021494261,-0.578230777567516,0.999943905168657
"937","G0937",0.864029063497811,-0.271344945437751,-0.283231732220178,0.999943905168657
"938","G0938",0.949088967749111,0.224502216931945,0.100411478177194,0.999943905168657
"939","G0939",0.992960606469455,0.0160672797443234,-0.0142165239020822,0.999943905168657
"940","G0940",0.856068067824066,-0.403324468717634,-0.444866655170968,0.999943905168657
"941","G0941",0.996593125670632,0.10699866598695,0.137401266309914,0.999943905168657
"942","G0942",2.38381008570121e-114,2.0879862313476,6.74560703533544,2.96188403148376e-112
"943","G0943",0.975674620321069,-0.118690209563809,0.0261881140041885,0.999943905168657
"944","G0944",0.967747201659719,-0.203649707520103,-0.293138001392224,0.999943905168657
"945","G0945",0.789864154714641,-0.72437110838309,-0.633913808402115,0.999943905168657
"946","G0946",0.681605460279907,-0.0183102432292751,0.0760375712294561,0.999943905168657
"947","G0947",0.89544482219081,0.124148737022663,0.210377424843007,0.999943905168657
"948","G0948",0.990299622991856,-0.289023362544795,-0.203210809137413,0.999943905168657
"949","G0949",0.944335166911901,0.000237835801466101,-0.149733937925508,0.999943905168657
"950","G0950",2.83192011122081e-15,1.00340947523675,2.77353266179535,1.08266484252057e-13
"951","G0951",0.770113312062964,-0.147835367270801,-0.167546548495027,0.999943905168657
"952","G0952",5.6784303892768e-44,1.693874688977,4.209065199193,3.76290653796076e-42
"953","G0953",0.969306403224146,-0.0628626207943048,0.0185751564600612,0.999943905168657
"954","G0954",0.684003177442644,-0.309083705939342,-0.519446471584655,0.999943905168657
"955","G0955",0.723120727161489,-0.408627041886353,-0.396331682990741,0.999943905168657
"956","G0956",0.368487631681705,-0.496441561853943,-0.615958278630294,0.999943905168657
"957","G0957",0.890381612371122,-0.128874143687858,-0.139838200625767,0.999943905168657
"958","G0958",0.870070035178874,-0.129490896208034,-0.289339798649344,0.999943905168657
"959","G0959",0.600771795888013,-0.224870985446861,-0.203310731754831,0.999943905168657
"960","G0960",0.439531245761125,-0.874838086564558,-0.802352448308711,0.999943905168657
"961","G0961",0.887203746865748,-0.100150168929088,-0.0708569863082324,0.999943905168657
"962","G0962",0.750383603739281,-0.280265440549913,-0.418216946768324,0.999943905168657
"963","G0963",0.959754880362283,0.101201929316467,0.161835530496928,0.999943905168657
"964","G0964",0.990667467470372,-0.0744712728236916,-0.106844237557111,0.999943905168657
"965","G0965",1.07161840760492e-33,1.50050293041095,4.0379557123543,5.07232712932995e-32
"966","G0966",0.994742904580403,-0.0270742390538311,-0.0403253337714065,0.999943905168657
"967","G0967",0.983014003338395,-0.108015095711382,-0.0772036357455811,0.999943905168657
"968","G0968",0.870476044033961,-0.140505966917523,-0.21082488036309,0.999943905168657
"969","G0969",0.898521724641304,-0.164955630638575,-0.257654500534062,0.999943905168657
"970","G0970",0.724662303608003,0.0187507105964482,-0.00865171049638143,0.999943905168657
"971","G0971",0.873293021753966,-0.291495553368717,-0.388297729411344,0.999943905168657
"972","G0972",0.957939890242525,0.0336811226863416,0.0570206351500861,0.999943905168657
"973","G0973",0.971787749599113,0.018287142458284,-0.0287710741443496,0.999943905168657
"974","G0974",0.702380148572049,0.0566361705886734,-0.0359503756162321,0.999943905168657
"975","G0975",0.874043526869581,0.0565975081063319,-0.04996561462847,0.999943905168657
"976","G0976",0.977701494529075,0.0542839766695944,0.0409114419478063,0.999943905168657
"977","G0977",0.955478227386414,-0.131130202678046,-0.166980125784828,0.999943905168657
"978","G0978",0.970328111889274,-0.075174620138612,-0.135494651478251,0.999943905168657
"979","G0979",0.883570871679336,-0.0202745878265689,-0.0392893939682809,0.999943905168657
"980","G0980",0.771785590067278,-0.509389854989506,-0.583100570800681,0.999943905168657
"981","G0981",0.903696103421587,-0.0697586326344566,-0.0595133348667225,0.999943905168657
"982","G0982",0.96520968997058,-0.109541031083531,-0.161823636654201,0.999943905168657
"983","G0983",0.989911991947598,-0.0442143754779672,-0.0958332870833087,0.999943905168657
"984","G0984",0.794686338902078,-0.0179283110656787,0.0418233725744545,0.999943905168657
"985","G0985",0.869888779865845,-0.337823102300971,-0.324878228536044,0.999943905168657
"986","G0986",0.987971288002876,0.0795125886000614,0.142507808569741,0.999943905168657
"987","G0987",2.03798865187655e-10,0.967773388717609,2.19584534836479,6.13866884837966e-09
"988","G0988",0.948695058073033,-0.0918581539506319,-0.280447146250875,0.999943905168657
"989","G0989",0.954874641643272,-0.0321947594548997,-0.0566688084754862,0.999943905168657
"990","G0990",0.984009731305028,0.176859788558648,0.190434155789497,0.999943905168657
"991","G0991",3.04759153700379e-39,1.70285720496654,4.27826587617216,1.78194469869515e-37
"992","G0992",0.927124998795213,-0.109223952672438,-0.139803417903562,0.999943905168657
"993","G0993",0.922890522765898,0.00907945591711114,-0.0181548469913288,0.999943905168657
"994","G0994",0.993260596781657,0.127885009320789,0.146539830709082,0.999943905168657
"995","G0995",0.842391698342086,0.46623158140449,0.567543483890807,0.999943905168657
"996","G0996",0.932783378717903,-0.413590947995563,-0.377321129176508,0.999943905168657
"997","G0997",0.997566681582422,-0.0736545410771909,-0.109907964292787,0.999943905168657
"998","G0998",0.381661409043755,0.0428088237358319,-0.0281078578674653,0.999943905168657
"999","G0999",0.933972930042704,-0.129268132423827,-0.0766246162535372,0.999943905168657
"1000","G1000",0.935549441898382,-0.0882980652801729,-0.219578019369606,0.999943905168657
