"","Gene","pos.pvalue","pos.fdr","neg.pvalue","neg.fdr","p.value.twosides"
"1","G0001",0.530630204946929,0.99999999999984,0.286526225616537,0.827522366547025,0.573052451233074
"2","G0002",0.766508929664962,0.99999999999984,0.138271904697836,0.776844100891482,0.276543809395672
"3","G0003",0.994143475529129,0.99999999999984,0.0490999356324101,0.564367076234599,0.0981998712648202
"4","G0004",0.119566575574495,0.99999999999984,0.95216511857873,1,0.23913315114899
"5","G0005",0.358643296634492,0.99999999999984,0.68092359463738,0.942510699736762,0.717286593268983
"6","G0006",0.178720634942863,0.99999999999984,0.885443449234863,0.993376664300362,0.357441269885727
"7","G0007",0.0618734668161401,0.827708457911106,0.416875429100501,0.865106959377495,0.12374693363228
"8","G0008",0.47199620109066,0.99999999999984,0.676825789132376,0.942510699736762,0.943992402181319
"9","G0009",0.80998880928512,0.99999999999984,0.349810878081964,0.830752190593453,0.699621756163929
"10","G0010",0.534614902887852,0.99999999999984,0.698157068137976,0.942510699736762,1
"11","G0011",0.653082492297127,0.99999999999984,0.411155355340037,0.865106959377495,0.822310710680073
"12","G0012",0.831075034196942,0.99999999999984,0.302820490561332,0.827522366547025,0.605640981122665
"13","G0013",0.433667710791637,0.99999999999984,0.589058164039557,0.921588294121922,0.867335421583274
"14","G0014",0.344661431949513,0.99999999999984,0.455366946255189,0.867964637174077,0.689322863899026
"15","G0015",0.640118967151513,0.99999999999984,0.364302191443542,0.839949429613044,0.728604382887083
"16","G0016",0.280459246763825,0.99999999999984,0.528488782721127,0.899442166076058,0.56091849352765
"17","G0017",0.917750578260381,0.99999999999984,0.279631022345093,0.827522366547025,0.559262044690187
"18","G0018",0.493997398606966,0.99999999999984,0.682000738701891,0.942510699736762,0.987994797213932
"19","G0019",0.478924954987353,0.99999999999984,0.304816473118309,0.827522366547025,0.609632946236618
"20","G0020",0.512861673849127,0.99999999999984,0.116062769028004,0.75365434433769,0.232125538056009
"21","G0021",0.223624387597072,0.99999999999984,0.269316807229453,0.827522366547025,0.447248775194144
"22","G0022",0.322367937530796,0.99999999999984,0.409271028924262,0.865106959377495,0.644735875061591
"23","G0023",0.239463730902818,0.99999999999984,0.837666236181975,0.974566535541428,0.478927461805636
"24","G0024",0.18954632870403,0.99999999999984,0.371061158382483,0.847171594480555,0.379092657408059
"25","G0025",0.30311389407212,0.99999999999984,0.713775980835365,0.948734305868514,0.606227788144241
"26","G0026",0.773281445040906,0.99999999999984,0.0218169071331619,0.363615118886031,0.0436338142663237
"27","G0027",0.0926383556390616,0.99999999999984,0.952809622078927,1,0.185276711278123
"28","G0028",0.399331905867121,0.99999999999984,0.614963383397497,0.930199410327857,0.798663811734243
"29","G0029",0.677944967174751,0.99999999999984,0.450227340166096,0.867964637174077,0.900454680332192
"30","G0030",0.90914423171841,0.99999999999984,0.217697009135908,0.815344603505273,0.435394018271816
"31","G0031",0.389139069396825,0.99999999999984,0.330172350735708,0.827522366547025,0.660344701471415
"32","G0032",0.912859207312917,0.99999999999984,0.308857603296304,0.827522366547025,0.617715206592609
"33","G0033",0.786349038190876,0.99999999999984,0.447971771493855,0.867964637174077,0.89594354298771
"34","G0034",0.531553424719124,0.99999999999984,0.561887775871334,0.921588294121922,1
"35","G0035",0,0,1,1,0
"36","G0036",0.527015498032586,0.99999999999984,0.508096005846234,0.892963103420446,1
"37","G0037",0.599541417668442,0.99999999999984,0.240931544178951,0.827522366547025,0.481863088357902
"38","G0038",0.502420694734431,0.99999999999984,0.283409704689782,0.827522366547025,0.566819409379564
"39","G0039",0.0667989882547348,0.856397285317113,0.271290804384343,0.827522366547025,0.13359797650947
"40","G0040",0.000204107987044955,0.00474669737313848,0.998146912855054,1,0.000408215974089909
"41","G0041",0.148883860473483,0.99999999999984,0.934634528414092,1,0.297767720946966
"42","G0042",0.543906791602862,0.99999999999984,0.734675965760888,0.95884881178408,1
"43","G0043",0.263321124077617,0.99999999999984,0.526203395614282,0.899442166076058,0.526642248155234
"44","G0044",0.782145245985673,0.99999999999984,0.270143225625814,0.827522366547025,0.540286451251627
"45","G0045",0.829526270571418,0.99999999999984,0.162371825289735,0.788552829124754,0.324743650579469
"46","G0046",0.486379007155291,0.99999999999984,0.659546567626222,0.942510699736762,0.972758014310583
"47","G0047",0.474055312422611,0.99999999999984,0.667933410025938,0.942510699736762,0.948110624845223
"48","G0048",0.307227299125946,0.99999999999984,0.60982640708562,0.930199410327857,0.614454598251892
"49","G0049",0.849077984852487,0.99999999999984,0.454222988707639,0.867964637174077,0.908445977415277
"50","G0050",0.328804745113315,0.99999999999984,0.665821627841873,0.942510699736762,0.657609490226629
"51","G0051",0.493481292887607,0.99999999999984,0.281265345523711,0.827522366547025,0.562530691047422
"52","G0052",0,0,1,1,0
"53","G0053",0.790314087613614,0.99999999999984,0.332592953487452,0.827522366547025,0.665185906974904
"54","G0054",0.996939151873787,0.99999999999984,0.0142736137246674,0.285472274493348,0.0285472274493348
"55","G0055",0.714314496582546,0.99999999999984,0.307782823662504,0.827522366547025,0.615565647325008
"56","G0056",0.774770835681176,0.99999999999984,0.511360566309141,0.895083726596801,1
"57","G0057",0.499759538925089,0.99999999999984,0.81740798532281,0.974230409224502,0.999519077850178
"58","G0058",0.607290494268339,0.99999999999984,0.431319687364658,0.86624884057248,0.862639374729316
"59","G0059",0.781266138518781,0.99999999999984,0.257760493155452,0.827522366547025,0.515520986310903
"60","G0060",0.176741487651719,0.99999999999984,0.91431414142984,1,0.353482975303438
"61","G0061",0.433604143638957,0.99999999999984,0.474136554001042,0.874790690038824,0.867208287277915
"62","G0062",0.804588353197398,0.99999999999984,0.264773088472182,0.827522366547025,0.529546176944364
"63","G0063",0.463264569982071,0.99999999999984,0.651949082190212,0.942510699736762,0.926529139964142
"64","G0064",0.108669033370458,0.99999999999984,0.820633659285406,0.974230409224502,0.217338066740917
"65","G0065",0.505412182714308,0.99999999999984,0.294213926183925,0.827522366547025,0.588427852367849
"66","G0066",0.158093485947664,0.99999999999984,0.0744635962916649,0.661600896093649,0.14892719258333
"67","G0067",0.527122098268213,0.99999999999984,0.00135508030980991,0.0410630396912093,0.00271016061961982
"68","G0068",0.144863628497066,0.99999999999984,0.832742874991764,0.974566535541428,0.289727256994132
"69","G0069",0.00658243763623156,0.121896993263547,0.99563096582359,1,0.0131648752724631
"70","G0070",0.39965409617082,0.99999999999984,0.808340577964128,0.972732344120491,0.79930819234164
"71","G0071",0.724182946668187,0.99999999999984,0.251329303909265,0.827522366547025,0.50265860781853
"72","G0072",0.2920452143212,0.99999999999984,0.903224091759876,1,0.5840904286424
"73","G0073",0.534269520238958,0.99999999999984,0.733649341567582,0.95884881178408,1
"74","G0074",0.446091554793728,0.99999999999984,0.639223132754233,0.942510699736762,0.892183109587456
"75","G0075",0.78579324670447,0.99999999999984,0.0720454883026909,0.661600896093649,0.144090976605382
"76","G0076",0.510288822957772,0.99999999999984,0.406846409508334,0.865106959377495,0.813692819016668
"77","G0077",0.540174928077726,0.99999999999984,0.265410210550321,0.827522366547025,0.530820421100642
"78","G0078",0.146288410906237,0.99999999999984,0.104872283116267,0.710488329556442,0.209744566232535
"79","G0079",0.00391228369535901,0.0798425243950818,0.961446106733396,1,0.00782456739071802
"80","G0080",0.381375850548408,0.99999999999984,0.469055845972766,0.868621936986604,0.762751701096816
"81","G0081",0.106104648798674,0.99999999999984,0.974722652604805,1,0.212209297597348
"82","G0082",0.217123478295796,0.99999999999984,0.768284311030105,0.961683835229159,0.434246956591591
"83","G0083",0.95063460756591,0.99999999999984,0.111550141303161,0.738742657636831,0.223100282606323
"84","G0084",0.762837499878487,0.99999999999984,0.067067740616027,0.640822892223796,0.134135481232054
"85","G0085",0.845610208669709,0.99999999999984,0.0535733198532163,0.595259109480182,0.107146639706433
"86","G0086",0.839651846617091,0.99999999999984,0.17441129045973,0.795051876188197,0.34882258091946
"87","G0087",0.200303625700891,0.99999999999984,0.871739208241433,0.988366449253326,0.400607251401783
"88","G0088",0.736275136190704,0.99999999999984,0.446019583428507,0.867964637174077,0.892039166857013
"89","G0089",0.638855137556933,0.99999999999984,0.285256365667502,0.827522366547025,0.570512731335004
"90","G0090",0.704221830890478,0.99999999999984,0.281584496229775,0.827522366547025,0.56316899245955
"91","G0091",0.80726246195086,0.99999999999984,0.290112712661685,0.827522366547025,0.580225425323369
"92","G0092",0.100158401420365,0.99999999999984,0.850522922494511,0.975370323961595,0.20031680284073
"93","G0093",0.962828220798592,0.99999999999984,0,0,0
"94","G0094",0.683416886114192,0.99999999999984,0.683892396922839,0.942510699736762,1
"95","G0095",0.40711878058595,0.99999999999984,0.447823342717437,0.867964637174077,0.8142375611719
"96","G0096",0.951423815482568,0.99999999999984,0.256657977346939,0.827522366547025,0.513315954693877
"97","G0097",0.385603785879788,0.99999999999984,0.582073563976558,0.921588294121922,0.771207571759577
"98","G0098",0,0,0.999999999999958,1,0
"99","G0099",0.46040858089964,0.99999999999984,0.526989624276463,0.899442166076058,0.920817161799281
"100","G0100",0.243786519469945,0.99999999999984,0.879880617828053,0.992450174363435,0.487573038939889
"101","G0101",0.331093524526603,0.99999999999984,0.62747448922801,0.937108372595105,0.662187049053205
"102","G0102",0.934761980089999,0.99999999999984,0,0,0
"103","G0103",0.590668357560187,0.99999999999984,0.731557872269215,0.95884881178408,1
"104","G0104",0.680925651749406,0.99999999999984,0.0215972584991743,0.363615118886031,0.0431945169983485
"105","G0105",0.793186500521465,0.99999999999984,0.130612824499491,0.760349512251139,0.261225648998983
"106","G0106",0.392581823062765,0.99999999999984,0.382133173923516,0.854380177153963,0.764266347847033
"107","G0107",0.653872177398821,0.99999999999984,0.0305032762643561,0.447490325833197,0.0610065525287122
"108","G0108",0.932856341379683,0.99999999999984,0.159290253130213,0.788552829124754,0.318580506260425
"109","G0109",0.837849297177799,0.99999999999984,0.51198789161337,0.895083726596801,1
"110","G0110",0.484308861516087,0.99999999999984,0.760260887680791,0.961138922478876,0.968617723032173
"111","G0111",0.140383018644553,0.99999999999984,0.428249937442791,0.865151388773314,0.280766037289106
"112","G0112",0.132529836920708,0.99999999999984,0.606354185453996,0.92856689962327,0.265059673841416
"113","G0113",0.943661447553973,0.99999999999984,0.0564202791987487,0.620003068118118,0.112840558397497
"114","G0114",0.231239138341465,0.99999999999984,0.661356616686842,0.942510699736762,0.46247827668293
"115","G0115",0.423471683064476,0.99999999999984,0.582365246220584,0.921588294121922,0.846943366128953
"116","G0116",0.535826833432031,0.99999999999984,0.526275865652468,0.899442166076058,1
"117","G0117",0.299326969405343,0.99999999999984,0.471602387943821,0.871723452761223,0.598653938810686
"118","G0118",0.862576615184028,0.99999999999984,0.103672603007232,0.710488329556442,0.207345206014464
"119","G0119",0.657698996507658,0.99999999999984,0.487268402324202,0.883544780400779,0.974536804648404
"120","G0120",0.16944459231723,0.99999999999984,0.755707603799812,0.961138922478876,0.338889184634461
"121","G0121",0.802993063674791,0.99999999999984,0.283521434273275,0.827522366547025,0.567042868546549
"122","G0122",6.62516385017131e-05,0.001615893621993,0.999976581005905,1,0.000132503277003426
"123","G0123",0.395454500750002,0.99999999999984,0.226466674239227,0.827522366547025,0.452933348478454
"124","G0124",0.0690133544989474,0.871921528496677,0.934401991168943,1,0.138026708997895
"125","G0125",0.604444767271508,0.99999999999984,0.736500333279103,0.95884881178408,1
"126","G0126",0.893045555957897,0.99999999999984,0.0211623460465694,0.363615118886031,0.0423246920931388
"127","G0127",0.916170142729074,0.99999999999984,0.318135406052706,0.827522366547025,0.636270812105411
"128","G0128",0.283690015473069,0.99999999999984,0.155629616584299,0.788552829124754,0.311259233168598
"129","G0129",0.909300902634789,0.99999999999984,0.193236003734997,0.795051876188197,0.386472007469993
"130","G0130",0.0834356497240905,0.970181973535935,0.918429249309562,1,0.166871299448181
"131","G0131",0.392994134493728,0.99999999999984,0.25980883052563,0.827522366547025,0.519617661051261
"132","G0132",0.73289860847563,0.99999999999984,0.45846907345779,0.867964637174077,0.91693814691558
"133","G0133",0.278383910829092,0.99999999999984,0.691752301105118,0.942510699736762,0.556767821658183
"134","G0134",0.419295213051752,0.99999999999984,0.253430810489912,0.827522366547025,0.506861620979824
"135","G0135",0.931198419796429,0.99999999999984,0.073586959241895,0.661600896093649,0.14717391848379
"136","G0136",0.484955915742981,0.99999999999984,0.579978770218079,0.921588294121922,0.969911831485963
"137","G0137",0.184213511499397,0.99999999999984,0.55709032424291,0.917776481454546,0.368427022998794
"138","G0138",0.296013842311825,0.99999999999984,0.76682532728711,0.961683835229159,0.59202768462365
"139","G0139",0.375015104434213,0.99999999999984,0.188422899473018,0.795051876188197,0.376845798946037
"140","G0140",0.15466406462103,0.99999999999984,0.586701782237548,0.921588294121922,0.30932812924206
"141","G0141",0.977107017538238,0.99999999999984,0.0439326538850605,0.529309082952536,0.087865307770121
"142","G0142",0.221306607426074,0.99999999999984,0.774607854198854,0.963383133819216,0.442613214852147
"143","G0143",0.238067141230282,0.99999999999984,0.36402264287695,0.839949429613044,0.476134282460564
"144","G0144",0.245674642035385,0.99999999999984,0.886091984555923,0.993376664300362,0.49134928407077
"145","G0145",0.921570774397866,0.99999999999984,0.0484898864862457,0.564367076234599,0.0969797729724915
"146","G0146",0.578484177626297,0.99999999999984,0.476849463036296,0.876561512934367,0.953698926072591
"147","G0147",0,0,1,1,0
"148","G0148",0.848925727411874,0.99999999999984,0,0,0
"149","G0149",0.25007749547647,0.99999999999984,0.0229475494822446,0.370121765842656,0.0458950989644893
"150","G0150",0.582157045547238,0.99999999999984,0.380746838995151,0.854380177153963,0.761493677990301
"151","G0151",0.0281380660436219,0.461279771206916,0.881526356983486,0.992709861467889,0.0562761320872438
"152","G0152",0.113060634508897,0.99999999999984,0.333582219627526,0.827522366547025,0.226121269017795
"153","G0153",0.653536407118749,0.99999999999984,0.692674637026822,0.942510699736762,1
"154","G0154",0.00936127180611224,0.170204941929313,0.996579511544269,1,0.0187225436122245
"155","G0155",0.958209917446486,0.99999999999984,0.146756020235085,0.788552829124754,0.29351204047017
"156","G0156",0.751654857927568,0.99999999999984,0.276305720010427,0.827522366547025,0.552611440020855
"157","G0157",0.221352150988841,0.99999999999984,0.358535798183837,0.837700463046347,0.442704301977681
"158","G0158",0.614121039997891,0.99999999999984,0.187290423567415,0.795051876188197,0.37458084713483
"159","G0159",0.573618455166751,0.99999999999984,0.195582761542296,0.795051876188197,0.391165523084593
"160","G0160",0.396111855392163,0.99999999999984,0.763323692528079,0.961471078260388,0.792223710784326
"161","G0161",0.977900725344752,0.99999999999984,0.0512340495282289,0.575663477845268,0.102468099056458
"162","G0162",0.366226485729567,0.99999999999984,0.420042407833221,0.865151388773314,0.732452971459134
"163","G0163",0.293371759533088,0.99999999999984,0.70824536766585,0.94685209580996,0.586743519066176
"164","G0164",0.730611927732396,0.99999999999984,0.548911990721817,0.911677238602534,1
"165","G0165",0.911039188251927,0.99999999999984,0.277702925769395,0.827522366547025,0.55540585153879
"166","G0166",0.168209850430781,0.99999999999984,0.857629627524659,0.977912916219679,0.336419700861563
"167","G0167",0.512895376988535,0.99999999999984,0.66921666170244,0.942510699736762,1
"168","G0168",0.298222512767724,0.99999999999984,0.758555256906183,0.961138922478876,0.596445025535448
"169","G0169",0.476514898813563,0.99999999999984,0.80071822124247,0.969392519664007,0.953029797627126
"170","G0170",0.0456301529934477,0.651859328477825,0.979150463928107,1,0.0912603059868955
"171","G0171",0.842553704817182,0.99999999999984,0.211792644321344,0.806075090776512,0.423585288642688
"172","G0172",0.193846083723214,0.99999999999984,0.759623609135435,0.961138922478876,0.387692167446429
"173","G0173",0.474288771371411,0.99999999999984,0.467720285992252,0.868621936986604,0.935440571984504
"174","G0174",0.208391560798812,0.99999999999984,0.79365641524012,0.967617453609721,0.416783121597625
"175","G0175",0.180093422018697,0.99999999999984,0.69712761642825,0.942510699736762,0.360186844037395
"176","G0176",0.268481345672604,0.99999999999984,0.83862888713159,0.974566535541428,0.536962691345207
"177","G0177",0.997769037022435,0.99999999999984,0.00250906481119617,0.0660280213472677,0.00501812962239234
"178","G0178",0.947283635280422,0.99999999999984,0.181782090807342,0.795051876188197,0.363564181614684
"179","G0179",0.111074031771026,0.99999999999984,0.873373973216611,0.989098497414056,0.222148063542053
"180","G0180",0.619164725777406,0.99999999999984,0.269655443985502,0.827522366547025,0.539310887971004
"181","G0181",0.778904742284706,0.99999999999984,0.235834779718491,0.827522366547025,0.471669559436982
"182","G0182",0.653780103022295,0.99999999999984,0.315553896523324,0.827522366547025,0.631107793046648
"183","G0183",0.954707905270947,0.99999999999984,0.0839751364544106,0.673726653712543,0.167950272908821
"184","G0184",0.775989997280035,0.99999999999984,0.528747077880773,0.899442166076058,1
"185","G0185",0.877062217787065,0.99999999999984,0.395884801624925,0.865106959377495,0.79176960324985
"186","G0186",0.646296713449864,0.99999999999984,0.362293879431294,0.839949429613044,0.724587758862587
"187","G0187",0.34399008309851,0.99999999999984,0.880028369733076,0.992450174363435,0.68798016619702
"188","G0188",0.366196004177528,0.99999999999984,0.823286834271207,0.974303945883086,0.732392008355057
"189","G0189",0.603220256934168,0.99999999999984,0.670080259329846,0.942510699736762,1
"190","G0190",0.276278484926598,0.99999999999984,0.926413749614233,1,0.552556969853197
"191","G0191",3.65794838863565e-09,1.07586717312813e-07,0.999999783581023,1,7.31589677727129e-09
"192","G0192",0.838392367816496,0.99999999999984,0.176809210964708,0.795051876188197,0.353618421929417
"193","G0193",0.904076417793494,0.99999999999984,0.26352901697606,0.827522366547025,0.527058033952119
"194","G0194",0.137723256308868,0.99999999999984,0.452290287671678,0.867964637174077,0.275446512617735
"195","G0195",0.437950787061115,0.99999999999984,0.323630129400807,0.827522366547025,0.647260258801614
"196","G0196",0.191154357029983,0.99999999999984,0.841431502056984,0.974566535541428,0.382308714059967
"197","G0197",0.860340835639133,0.99999999999984,0.27082817543322,0.827522366547025,0.54165635086644
"198","G0198",0.753430289715165,0.99999999999984,0.131006564156019,0.760349512251139,0.262013128312038
"199","G0199",0.655326460282785,0.99999999999984,0.414411455284704,0.865106959377495,0.828822910569407
"200","G0200",0.525321072168189,0.99999999999984,0.363910373014729,0.839949429613044,0.727820746029457
"201","G0201",0.169286841451059,0.99999999999984,0.834007945551299,0.974566535541428,0.338573682902118
"202","G0202",0.770408374417114,0.99999999999984,0.584111033569662,0.921588294121922,1
"203","G0203",0.886877002211055,0.99999999999984,0.379665808133516,0.854380177153963,0.759331616267032
"204","G0204",0.353228698682392,0.99999999999984,0.588260719951031,0.921588294121922,0.706457397364784
"205","G0205",0.903603757666094,0.99999999999984,0.0585547451422097,0.632720807742431,0.117109490284419
"206","G0206",0.244965249368308,0.99999999999984,0.601914912222195,0.927425008679341,0.489930498736616
"207","G0207",0.198301548010594,0.99999999999984,0.85715054807587,0.977912916219679,0.396603096021188
"208","G0208",0.448279398485942,0.99999999999984,0.846298752620237,0.974566535541428,0.896558796971885
"209","G0209",0.945668449800549,0.99999999999984,0.243211817292154,0.827522366547025,0.486423634584308
"210","G0210",2.08381289721338e-05,0.000520953224303344,0.99998894114208,1,4.16762579442675e-05
"211","G0211",0.835467656772601,0.99999999999984,0.460592434603107,0.867964637174077,0.921184869206213
"212","G0212",0.27443207502086,0.99999999999984,0.80661723482472,0.972732344120491,0.54886415004172
"213","G0213",0.193127320229403,0.99999999999984,0.681499481527552,0.942510699736762,0.386254640458807
"214","G0214",0.761145683364843,0.99999999999984,0.403083174053098,0.865106959377495,0.806166348106196
"215","G0215",0.534185668809858,0.99999999999984,0.612629136339744,0.930199410327857,1
"216","G0216",0.882003114356374,0.99999999999984,0.333761415956646,0.827522366547025,0.667522831913292
"217","G0217",0.97664861581607,0.99999999999984,0.0933820235517767,0.707432627386753,0.186764047103553
"218","G0218",0.447898769052045,0.99999999999984,0.846895405908949,0.974566535541428,0.89579753810409
"219","G0219",0.501036957328326,0.99999999999984,0.436456531586839,0.867964637174077,0.872913063173678
"220","G0220",0.590000394322739,0.99999999999984,0.540548016711638,0.908698441062345,1
"221","G0221",0.727113757805439,0.99999999999984,0.520640238114695,0.899442166076058,1
"222","G0222",0.545183241295952,0.99999999999984,0.713869248238474,0.948734305868514,1
"223","G0223",0.8019102036771,0.99999999999984,0.31752714006001,0.827522366547025,0.635054280120021
"224","G0224",0.830473134494128,0.99999999999984,0.332338105778891,0.827522366547025,0.664676211557782
"225","G0225",0.999962280026572,0.99999999999984,0,0,0
"226","G0226",0.679207814015041,0.99999999999984,0.188765559763856,0.795051876188197,0.377531119527712
"227","G0227",0.0058309926833493,0.110018729874515,0.994789552226079,1,0.0116619853666986
"228","G0228",0.685902723436894,0.99999999999984,0.0060587515462579,0.144255989196617,0.0121175030925158
"229","G0229",0.496582596972905,0.99999999999984,0.325071538812446,0.827522366547025,0.650143077624893
"230","G0230",0.476004230235924,0.99999999999984,0.746108030285934,0.961138922478876,0.952008460471849
"231","G0231",0.256057804598552,0.99999999999984,0.868029342571391,0.985277346846073,0.512115609197104
"232","G0232",0.937323063238396,0.99999999999984,0.222799976729999,0.825185098999994,0.445599953459997
"233","G0233",0.993700220966329,0.99999999999984,0.0426695789464371,0.520360718858989,0.0853391578928742
"234","G0234",0.967521071943701,0.99999999999984,0.173980188499764,0.795051876188197,0.347960376999527
"235","G0235",0.964473337688621,0.99999999999984,0.210139690395407,0.805132913392364,0.420279380790814
"236","G0236",0.968774592301299,0.99999999999984,0.0943213656917415,0.707432627386753,0.188642731383483
"237","G0237",0.743853615454666,0.99999999999984,0.524903626463365,0.899442166076058,1
"238","G0238",0.572840378906474,0.99999999999984,0.318423134283169,0.827522366547025,0.636846268566338
"239","G0239",0.819267085290766,0.99999999999984,0.34194255393475,0.827948072481235,0.683885107869501
"240","G0240",0.769758455157788,0.99999999999984,0.0715464298861794,0.661600896093649,0.143092859772359
"241","G0241",0.489404700860578,0.99999999999984,0.624506534101426,0.934890021109919,0.978809401721156
"242","G0242",0.328719198069294,0.99999999999984,0.810342817178298,0.972907440180257,0.657438396138588
"243","G0243",0.968463229645187,0.99999999999984,0.0807143409012381,0.673726653712543,0.161428681802476
"244","G0244",0.24827402802177,0.99999999999984,0.853618034007548,0.977798435289288,0.49654805604354
"245","G0245",0.163594561657886,0.99999999999984,0.921868979683387,1,0.327189123315772
"246","G0246",0.993939803928373,0.99999999999984,0.0379232636910322,0.498990311724107,0.0758465273820643
"247","G0247",0.178498502938876,0.99999999999984,0.286511422722815,0.827522366547025,0.356997005877752
"248","G0248",0.210576101040254,0.99999999999984,0.80387103079863,0.970858732848587,0.421152202080507
"249","G0249",0.989732293320947,0.99999999999984,0.0276286018425479,0.438549235595998,0.0552572036850958
"250","G0250",0.645607920984339,0.99999999999984,0.382297879563053,0.854380177153963,0.764595759126106
"251","G0251",0.202544370413518,0.99999999999984,0.505185906834842,0.891558320572546,0.405088740827035
"252","G0252",0.726733404232613,0.99999999999984,0.451687524112193,0.867964637174077,0.903375048224387
"253","G0253",0.665108657837995,0.99999999999984,0.294831183264365,0.827522366547025,0.589662366528729
"254","G0254",0.411548437421797,0.99999999999984,0.180990009406165,0.795051876188197,0.36198001881233
"255","G0255",0.577230204111734,0.99999999999984,0.411227631270936,0.865106959377495,0.822455262541871
"256","G0256",0.98986429140245,0.99999999999984,0.000674902240009323,0.0249963792596046,0.00134980448001865
"257","G0257",0.832196257181334,0.99999999999984,0.124879131249871,0.760349512251139,0.249758262499741
"258","G0258",0.511404688073191,0.99999999999984,0.446047586331307,0.867964637174077,0.892095172662615
"259","G0259",0.977501253140604,0.99999999999984,0.0175611820579789,0.331343057697714,0.0351223641159577
"260","G0260",0.272039345485293,0.99999999999984,0.759243182936139,0.961138922478876,0.544078690970585
"261","G0261",0.194221106236561,0.99999999999984,0.489822088875446,0.883544780400779,0.388442212473122
"262","G0262",0.76711765441662,0.99999999999984,0.244971176855833,0.827522366547025,0.489942353711667
"263","G0263",0.916411686595298,0.99999999999984,0.292362918917278,0.827522366547025,0.584725837834555
"264","G0264",0.995080276349336,0.99999999999984,0.0313243228083238,0.447490325833197,0.0626486456166475
"265","G0265",0.298371252074322,0.99999999999984,0.365378001881674,0.839949429613044,0.596742504148644
"266","G0266",0.485847640584228,0.99999999999984,0.299104672369415,0.827522366547025,0.59820934473883
"267","G0267",0.609385963493239,0.99999999999984,0.753127244935965,0.961138922478876,1
"268","G0268",0.741100634617404,0.99999999999984,0.406297205243566,0.865106959377495,0.812594410487133
"269","G0269",0.330308863431163,0.99999999999984,0.571892894071598,0.921588294121922,0.660617726862327
"270","G0270",0.00578685401333623,0.110018729874515,0.995410797431911,1,0.0115737080266725
"271","G0271",0.00100053031629088,0.0217506590498018,0.910216098058241,1,0.00200106063258176
"272","G0272",0.312827237635836,0.99999999999984,0.799801477542298,0.969392519664007,0.625654475271673
"273","G0273",0,0,0.999999999999789,1,0
"274","G0274",0.644340519231371,0.99999999999984,0.205891795952786,0.79882051058624,0.411783591905573
"275","G0275",0.942357884157221,0.99999999999984,0.0650044706494234,0.640822892223796,0.130008941298847
"276","G0276",0.856736999502954,0.99999999999984,0.121170681716365,0.760349512251139,0.24234136343273
"277","G0277",0.322485565464979,0.99999999999984,0.588189658682116,0.921588294121922,0.644971130929958
"278","G0278",0.609752497909706,0.99999999999984,0.328129622867598,0.827522366547025,0.656259245735197
"279","G0279",0.204767566968971,0.99999999999984,0.669863221689716,0.942510699736762,0.409535133937942
"280","G0280",0,0,1,1,0
"281","G0281",0.66694452414287,0.99999999999984,0.680549804630324,0.942510699736762,1
"282","G0282",0.994392468695199,0.99999999999984,0.0400909702324905,0.50748063585431,0.0801819404649811
"283","G0283",0.676804779337124,0.99999999999984,0.277418936616344,0.827522366547025,0.554837873232687
"284","G0284",0.354559622041931,0.99999999999984,0.576244017220584,0.921588294121922,0.709119244083862
"285","G0285",0.971623012123461,0.99999999999984,0.157493258388898,0.788552829124754,0.314986516777796
"286","G0286",0.93560238411146,0.99999999999984,0.0803654473814219,0.673726653712543,0.160730894762844
"287","G0287",0.260228854294469,0.99999999999984,0.456292756041363,0.867964637174077,0.520457708588938
"288","G0288",0.70959216841922,0.99999999999984,0.59589926419056,0.927127796969277,1
"289","G0289",0.044986280063672,0.651859328477825,0.990765724557858,1,0.089972560127344
"290","G0290",0.262208336613782,0.99999999999984,0.344597016286474,0.829038352371444,0.524416673227565
"291","G0291",0.0577493764518894,0.813371499322386,0.810431897670154,0.972907440180257,0.115498752903779
"292","G0292",0.997422736383682,0.99999999999984,0.0150491192779661,0.295080770156199,0.0300982385559323
"293","G0293",0.385626237220087,0.99999999999984,0.412965342949333,0.865106959377495,0.771252474440174
"294","G0294",0.389003063308588,0.99999999999984,0.630648902903435,0.939673251037982,0.778006126617175
"295","G0295",0.561345511462347,0.99999999999984,1.43053187184883e-07,7.15265935924414e-06,2.86106374369766e-07
"296","G0296",0.698734159520391,0.99999999999984,0.195066414109688,0.795051876188197,0.390132828219375
"297","G0297",0.508736596823956,0.99999999999984,0.433990669126812,0.86624884057248,0.867981338253625
"298","G0298",0.306379054799606,0.99999999999984,0.636284770273503,0.942510699736762,0.612758109599213
"299","G0299",0.989052060687085,0.99999999999984,0.0102369043671828,0.216439557735826,0.0204738087343657
"300","G0300",0.855993331519412,0.99999999999984,0.173959662301841,0.795051876188197,0.347919324603682
"301","G0301",0.860867123378166,0.99999999999984,0.0879647346918797,0.69024220623364,0.175929469383759
"302","G0302",0.31519671499169,0.99999999999984,0.645526696172766,0.942510699736762,0.63039342998338
"303","G0303",0.525877285148757,0.99999999999984,0.354416062225745,0.835077952624981,0.70883212445149
"304","G0304",0.605089722113699,0.99999999999984,0.252763471484864,0.827522366547025,0.505526942969728
"305","G0305",0.965858765521237,0.99999999999984,0.134482057683473,0.764102600474276,0.268964115366945
"306","G0306",0.845172741635319,0.99999999999984,0.393041977333807,0.865106959377495,0.786083954667613
"307","G0307",0.253444816830507,0.99999999999984,0.347406335878809,0.830752190593453,0.506889633661015
"308","G0308",0.837066392095218,0.99999999999984,0,0,0
"309","G0309",0.588684633208061,0.99999999999984,0.444142911143329,0.867964637174077,0.888285822286658
"310","G0310",0.597579875222628,0.99999999999984,0.543472963581066,0.910532864091183,1
"311","G0311",0.111587681757488,0.99999999999984,0.848380542061166,0.974566535541428,0.223175363514976
"312","G0312",0.177690162675771,0.99999999999984,0.550372030549122,0.911677238602534,0.355380325351542
"313","G0313",0.85943017664948,0.99999999999984,0.256455859543638,0.827522366547025,0.512911719087276
"314","G0314",0.680632848667275,0.99999999999984,0.211997748874223,0.806075090776512,0.423995497748445
"315","G0315",0.0239612380267412,0.399353967112354,0.544363539478887,0.910532864091183,0.0479224760534824
"316","G0316",0.376482051309,0.99999999999984,0.889885355499274,0.993751737879663,0.752964102617999
"317","G0317",0.907388910604232,0.99999999999984,0.282020300983592,0.827522366547025,0.564040601967184
"318","G0318",0.174491042210096,0.99999999999984,0.738313585073742,0.95884881178408,0.348982084420191
"319","G0319",0.556593038707166,0.99999999999984,0.447870709938683,0.867964637174077,0.895741419877366
"320","G0320",0.397747411544985,0.99999999999984,0.757910485986654,0.961138922478876,0.795494823089969
"321","G0321",0.11065010050185,0.99999999999984,0.955882645902101,1,0.2213002010037
"322","G0322",0.587902451853531,0.99999999999984,0.00773071639851808,0.179784102291118,0.0154614327970362
"323","G0323",0.914709337663826,0.99999999999984,0.0659133944973859,0.640822892223796,0.131826788994772
"324","G0324",0.527525826168491,0.99999999999984,0.37628244811926,0.854380177153963,0.75256489623852
"325","G0325",0.885210471421357,0.99999999999984,0.364684350854039,0.839949429613044,0.729368701708078
"326","G0326",0.0697537222797342,0.871921528496677,0.890401557140178,0.993751737879663,0.139507444559468
"327","G0327",0.396065250601084,0.99999999999984,0.696712597241918,0.942510699736762,0.792130501202168
"328","G0328",0.985478712152285,0.99999999999984,0.00361812293909913,0.0904530734774783,0.00723624587819827
"329","G0329",0.187622312664196,0.99999999999984,0.796703580611186,0.969225767166893,0.375244625328392
"330","G0330",0.233484188012205,0.99999999999984,0.571692585640485,0.921588294121922,0.46696837602441
"331","G0331",0.705155833665794,0.99999999999984,0.348208196494464,0.830752190593453,0.696416392988927
"332","G0332",0.485094247303533,0.99999999999984,0.677741349538707,0.942510699736762,0.970188494607067
"333","G0333",0.980274878066226,0.99999999999984,0.0606237265874452,0.640822892223796,0.12124745317489
"334","G0334",0.566534362841773,0.99999999999984,0.241598320560483,0.827522366547025,0.483196641120967
"335","G0335",0.630190513777333,0.99999999999984,0.555086298212807,0.915983990450177,1
"336","G0336",0.61665071461004,0.99999999999984,0.284453973736299,0.827522366547025,0.568907947472598
"337","G0337",0.255600460898308,0.99999999999984,0.320707633872138,0.827522366547025,0.511200921796615
"338","G0338",0.032308803508716,0.489527325889637,0.772308816564991,0.962978574270562,0.064617607017432
"339","G0339",0.561887564882597,0.99999999999984,0.45391409327348,0.867964637174077,0.90782818654696
"340","G0340",0.120202171477139,0.99999999999984,0.157154041992319,0.788552829124754,0.240404342954279
"341","G0341",0.583099433613018,0.99999999999984,0.777754334676535,0.963383133819216,1
"342","G0342",0.934178364211639,0.99999999999984,0.104506063392226,0.710488329556442,0.209012126784452
"343","G0343",0.566493273801843,0.99999999999984,0.488032146551604,0.883544780400779,0.976064293103209
"344","G0344",0.0925841082669682,0.99999999999984,0.956567088828594,1,0.185168216533936
"345","G0345",0.196663941441941,0.99999999999984,0.665567937582508,0.942510699736762,0.393327882883882
"346","G0346",0.136843361271644,0.99999999999984,0.700201940624559,0.942510699736762,0.273686722543288
"347","G0347",0.406761164144563,0.99999999999984,0.745877979220848,0.961138922478876,0.813522328289127
"348","G0348",0.270819357336824,0.99999999999984,0.65169902369868,0.942510699736762,0.541638714673647
"349","G0349",9.7449676694783e-07,2.70693546374397e-05,0.999999981853951,1,1.94899353389566e-06
"350","G0350",0.60584210162798,0.99999999999984,0.298036431074065,0.827522366547025,0.596072862148129
"351","G0351",0.53464495870363,0.99999999999984,0.330693391524233,0.827522366547025,0.661386783048466
"352","G0352",0.12411436001009,0.99999999999984,0.914006680358922,1,0.24822872002018
"353","G0353",0.2437439637093,0.99999999999984,0.822537437774482,0.974303945883086,0.487487927418601
"354","G0354",0.999160526010112,0.99999999999984,0.00503917248870744,0.122906646066035,0.0100783449774149
"355","G0355",0.111352903340636,0.99999999999984,0.665110236401845,0.942510699736762,0.222705806681273
"356","G0356",0.520482218348945,0.99999999999984,0.50240341307287,0.891558320572546,1
"357","G0357",0.788625171369223,0.99999999999984,0.338786091979103,0.827948072481235,0.677572183958207
"358","G0358",0.683843329484237,0.99999999999984,0.572893203633162,0.921588294121922,1
"359","G0359",0.617880839634194,0.99999999999984,0.118944086381092,0.760349512251139,0.237888172762184
"360","G0360",0.633965000110322,0.99999999999984,0.574267540933963,0.921588294121922,1
"361","G0361",0.766358179078464,0.99999999999984,0.243965454105513,0.827522366547025,0.487930908211027
"362","G0362",0,0,0.999999992761469,1,0
"363","G0363",0.893818305625136,0.99999999999984,0.250492727752494,0.827522366547025,0.500985455504987
"364","G0364",0.940793137058504,0.99999999999984,0.183044886960661,0.795051876188197,0.366089773921321
"365","G0365",0.304082617318309,0.99999999999984,0.832579871972609,0.974566535541428,0.608165234636617
"366","G0366",0.360518362378012,0.99999999999984,0.215256506791696,0.809234987938708,0.430513013583393
"367","G0367",0.409147753111071,0.99999999999984,0.489407964174539,0.883544780400779,0.818295506222142
"368","G0368",0.391656758771527,0.99999999999984,0.690427371440865,0.942510699736762,0.783313517543053
"369","G0369",0.70152633970167,0.99999999999984,0.427824129819905,0.865151388773314,0.85564825963981
"370","G0370",0.418746520561905,0.99999999999984,0.374338149783768,0.852706491534778,0.748676299567535
"371","G0371",0.505275949999909,0.99999999999984,0.764369507217009,0.961471078260388,1
"372","G0372",0.347998687582559,0.99999999999984,0.41695530710622,0.865106959377495,0.695997375165119
"373","G0373",0.141149793214607,0.99999999999984,0.915605499877594,1,0.282299586429215
"374","G0374",0,0,0.999999999998094,1,0
"375","G0375",0.948801806130052,0.99999999999984,0.0677274658003012,0.640822892223796,0.135454931600602
"376","G0376",0.660980932918543,0.99999999999984,0.15603881955672,0.788552829124754,0.312077639113441
"377","G0377",0.432291418314782,0.99999999999984,0.509899980770355,0.894561369772552,0.864582836629565
"378","G0378",0.0916872695635841,0.99999999999984,0.911324062733803,1,0.183374539127168
"379","G0379",0.250904409807153,0.99999999999984,0.340926545426679,0.827948072481235,0.501808819614306
"380","G0380",0.351518326986889,0.99999999999984,0.760174993129359,0.961138922478876,0.703036653973778
"381","G0381",0.433941494679307,0.99999999999984,0.327524891012671,0.827522366547025,0.655049782025342
"382","G0382",0.596054215000649,0.99999999999984,0.335942794575588,0.827522366547025,0.671885589151177
"383","G0383",0.741997092864536,0.99999999999984,0.128252194746114,0.760349512251139,0.256504389492229
"384","G0384",0.426635443640651,0.99999999999984,0.611256422922623,0.930199410327857,0.853270887281303
"385","G0385",0.113678817445325,0.99999999999984,0.977718134712436,1,0.227357634890651
"386","G0386",0.451737950593667,0.99999999999984,0.680260510336143,0.942510699736762,0.903475901187334
"387","G0387",0.252385168487408,0.99999999999984,0.783447427911687,0.963383133819216,0.504770336974815
"388","G0388",0.21204918608091,0.99999999999984,0.794413929413581,0.967617453609721,0.42409837216182
"389","G0389",0.317726477156732,0.99999999999984,0.843934768224981,0.974566535541428,0.635452954313464
"390","G0390",0.498519642823554,0.99999999999984,0.449427461937157,0.867964637174077,0.898854923874315
"391","G0391",0.578558512091691,0.99999999999984,0.0742973180210537,0.661600896093649,0.148594636042107
"392","G0392",0.554467420005443,0.99999999999984,0.58146014254779,0.921588294121922,1
"393","G0393",0.809551101116624,0.99999999999984,0.0132588010903411,0.270587777353899,0.0265176021806821
"394","G0394",0.941336966513209,0.99999999999984,0.206585070825935,0.79882051058624,0.413170141651869
"395","G0395",0.10657078595304,0.99999999999984,0.784721601075798,0.963383133819216,0.213141571906081
"396","G0396",0.595290632583313,0.99999999999984,0.569596974485572,0.921588294121922,1
"397","G0397",0.487382784115841,0.99999999999984,0.762525795961357,0.961471078260388,0.974765568231682
"398","G0398",0.340104184353053,0.99999999999984,0.467420986185875,0.868621936986604,0.680208368706106
"399","G0399",0.811728313655329,0.99999999999984,0.407060782829042,0.865106959377495,0.814121565658084
"400","G0400",0.5997537273089,0.99999999999984,0.246237396628892,0.827522366547025,0.492474793257784
"401","G0401",0.841662347041079,0.99999999999984,0.415501204234296,0.865106959377495,0.831002408468591
"402","G0402",0.806136579265023,0.99999999999984,0.00853356995359622,0.193944771672641,0.0170671399071924
"403","G0403",0.999898636671543,0.99999999999984,6.37981433959656e-06,0.000289991560890753,1.27596286791931e-05
"404","G0404",0.190020510214604,0.99999999999984,0.830496005996191,0.974566535541428,0.380041020429208
"405","G0405",0.537076820518189,0.99999999999984,0.13276556882967,0.760349512251139,0.265531137659341
"406","G0406",0.983845674253689,0.99999999999984,0.0308559414311669,0.447490325833197,0.0617118828623338
"407","G0407",0.269331986142244,0.99999999999984,0.880303304660366,0.992450174363435,0.538663972284488
"408","G0408",0.583205123651513,0.99999999999984,0.313959147827656,0.827522366547025,0.627918295655313
"409","G0409",0.223265179544403,0.99999999999984,0.605220286861988,0.92856689962327,0.446530359088807
"410","G0410",0.685383407659115,0.99999999999984,0.0844315889802718,0.673726653712543,0.168863177960544
"411","G0411",0.499215037244369,0.99999999999984,0.742649040130344,0.961138922478876,0.998430074488739
"412","G0412",0.17242273725746,0.99999999999984,0.884387811850301,0.993376664300362,0.34484547451492
"413","G0413",0.484746148397341,0.99999999999984,0.167177202901847,0.791636669760649,0.334354405803695
"414","G0414",0.492566336529973,0.99999999999984,0.506405126085206,0.891558320572546,0.985132673059945
"415","G0415",0.645340776934492,0.99999999999984,0.393238816967238,0.865106959377495,0.786477633934475
"416","G0416",0.476218480960043,0.99999999999984,0.589281737718136,0.921588294121922,0.952436961920086
"417","G0417",0.505072890091004,0.99999999999984,0.425735708944723,0.865151388773314,0.851471417889445
"418","G0418",0.763946644286715,0.99999999999984,0.180169005043001,0.795051876188197,0.360338010086001
"419","G0419",0.513298628315491,0.99999999999984,0.191287305710289,0.795051876188197,0.382574611420578
"420","G0420",0.31459565635591,0.99999999999984,0.733704942710047,0.95884881178408,0.629191312711819
"421","G0421",0.191844591178673,0.99999999999984,0.66335952015816,0.942510699736762,0.383689182357345
"422","G0422",0,0,1,1,0
"423","G0423",0.77107120363097,0.99999999999984,0.431215661488127,0.86624884057248,0.862431322976253
"424","G0424",0.338000228757905,0.99999999999984,0.698713648300419,0.942510699736762,0.676000457515811
"425","G0425",0.420842805905776,0.99999999999984,0.459987091913923,0.867964637174077,0.841685611811552
"426","G0426",0.631475781993851,0.99999999999984,0.105152272774353,0.710488329556442,0.210304545548707
"427","G0427",0.743783295807522,0.99999999999984,0.12940351244693,0.760349512251139,0.25880702489386
"428","G0428",0.477862535574809,0.99999999999984,0.69615047644762,0.942510699736762,0.955725071149618
"429","G0429",0.601918896167864,0.99999999999984,0.0309815221855625,0.447490325833197,0.061963044371125
"430","G0430",0.999010832214796,0.99999999999984,0,0,0
"431","G0431",0.699879974844782,0.99999999999984,0.376897888628717,0.854380177153963,0.753795777257434
"432","G0432",0.610547677205465,0.99999999999984,0.283350562995352,0.827522366547025,0.566701125990705
"433","G0433",0.419731967669329,0.99999999999984,0.336801603184639,0.827522366547025,0.673603206369279
"434","G0434",0.431257875207191,0.99999999999984,0.23626123987687,0.827522366547025,0.472522479753741
"435","G0435",0.737531681824499,0.99999999999984,0.288725372425079,0.827522366547025,0.577450744850157
"436","G0436",0.99343793125019,0.99999999999984,0,0,0
"437","G0437",0.357321096345545,0.99999999999984,0.860385804255955,0.979938273640039,0.714642192691089
"438","G0438",0.940712384663812,0.99999999999984,0.0883510023979059,0.69024220623364,0.176702004795812
"439","G0439",0.557925502306437,0.99999999999984,0.763754030995551,0.961471078260388,1
"440","G0440",0.912255181666284,0.99999999999984,0.243288037878934,0.827522366547025,0.486576075757867
"441","G0441",0.966079208865539,0.99999999999984,0.10415640565269,0.710488329556442,0.20831281130538
"442","G0442",0.249549825592815,0.99999999999984,0.770047078613084,0.962558848266355,0.499099651185629
"443","G0443",0.147908828241335,0.99999999999984,0.408484923262963,0.865106959377495,0.295817656482669
"444","G0444",0.000558076743064739,0.0124017054014387,0.999774085488938,1,0.00111615348612948
"445","G0445",0.809282632525381,0.99999999999984,0.524281431216651,0.899442166076058,1
"446","G0446",0.95640334427263,0.99999999999984,0.0823318693778238,0.673726653712543,0.164663738755648
"447","G0447",0.235228897995291,0.99999999999984,0.755458346701492,0.961138922478876,0.470457795990582
"448","G0448",0.517265668794921,0.99999999999984,0.600402265197565,0.927425008679341,1
"449","G0449",0.967985616142976,0.99999999999984,0.0629689504169256,0.640822892223796,0.125937900833851
"450","G0450",0.969015712462502,0.99999999999984,0.0976257025793719,0.707432627386753,0.195251405158744
"451","G0451",0.33732631535021,0.99999999999984,0.754355459908971,0.961138922478876,0.674652630700419
"452","G0452",0.330067995406099,0.99999999999984,0.819699028552971,0.974230409224502,0.660135990812197
"453","G0453",0.753110430084462,0.99999999999984,0.126920836749523,0.760349512251139,0.253841673499046
"454","G0454",0.457222074738327,0.99999999999984,0.80032134265954,0.969392519664007,0.914444149476654
"455","G0455",0.953593292780185,0.99999999999984,0.18414970937437,0.795051876188197,0.36829941874874
"456","G0456",0.808127334525325,0.99999999999984,0.156072092505949,0.788552829124754,0.312144185011897
"457","G0457",0.866588257374963,0.99999999999984,0.233064956938374,0.827522366547025,0.466129913876748
"458","G0458",0.0302444856418551,0.48781428454605,0.66554322296666,0.942510699736762,0.0604889712837102
"459","G0459",0.333665967318658,0.99999999999984,0.827767467995532,0.974566535541428,0.667331934637317
"460","G0460",0.0150048716974611,0.254319859279002,0.992667280859854,1,0.0300097433949222
"461","G0461",0.727614965894277,0.99999999999984,0.301941370782149,0.827522366547025,0.603882741564297
"462","G0462",0.985741878649784,0.99999999999984,0.0667592662435447,0.640822892223796,0.133518532487089
"463","G0463",0.150679262717788,0.99999999999984,0.447332315928529,0.867964637174077,0.301358525435577
"464","G0464",0.399384684994103,0.99999999999984,0.728441202092019,0.95884881178408,0.798769369988206
"465","G0465",0.799202165103362,0.99999999999984,0.420136669894884,0.865151388773314,0.840273339789769
"466","G0466",0.632956407098858,0.99999999999984,0.563362492369877,0.921588294121922,1
"467","G0467",0.232783358782275,0.99999999999984,0.932783996096163,1,0.465566717564549
"468","G0468",0.190745295776262,0.99999999999984,0.895344557657389,0.998154467845472,0.381490591552524
"469","G0469",0.291548044254251,0.99999999999984,0.259048665054619,0.827522366547025,0.518097330109238
"470","G0470",0.925852182200897,0.99999999999984,0.10129604034308,0.710488329556442,0.202592080686161
"471","G0471",0.328433745357694,0.99999999999984,0.558087492585823,0.917907060174051,0.656867490715388
"472","G0472",0.323917048098522,0.99999999999984,0.898491497621318,1,0.647834096197045
"473","G0473",0.646689016643911,0.99999999999984,0,0,0
"474","G0474",0.991165282557374,0.99999999999984,0.0798989708586232,0.673726653712543,0.159797941717246
"475","G0475",0.699419438908107,0.99999999999984,0.503264320229243,0.891558320572546,1
"476","G0476",0.152281588224989,0.99999999999984,0.915547920892037,1,0.304563176449979
"477","G0477",0.279409519365884,0.99999999999984,0.712720988961794,0.948734305868514,0.558819038731768
"478","G0478",0.549483457704039,0.99999999999984,0.683388706593061,0.942510699736762,1
"479","G0479",0.784017193293303,0.99999999999984,0.400160855383163,0.865106959377495,0.800321710766327
"480","G0480",0.484995256333641,0.99999999999984,0.688498875803056,0.942510699736762,0.969990512667282
"481","G0481",0.980409184477472,0.99999999999984,0.0959872407521215,0.707432627386753,0.191974481504243
"482","G0482",0.198609756109641,0.99999999999984,0.813243780017633,0.973984781388785,0.397219512219283
"483","G0483",0.604415487599445,0.99999999999984,0.26366542240193,0.827522366547025,0.52733084480386
"484","G0484",0.197098149843034,0.99999999999984,0.839042221120194,0.974566535541428,0.394196299686067
"485","G0485",0.768047683918484,0.99999999999984,0.00233746078713448,0.0631746158684995,0.00467492157426896
"486","G0486",0.471186515941983,0.99999999999984,0.651504178753018,0.942510699736762,0.942373031883966
"487","G0487",0.327682411803138,0.99999999999984,0.856116730796539,0.977912916219679,0.655364823606276
"488","G0488",0.0625505397325626,0.827708457911106,0.244093073999131,0.827522366547025,0.125101079465125
"489","G0489",0.139364658388495,0.99999999999984,0.448984988697902,0.867964637174077,0.27872931677699
"490","G0490",0.403112429456583,0.99999999999984,0.716766423497175,0.949802497456556,0.806224858913166
"491","G0491",0,0,1,1,0
"492","G0492",0.86107600426216,0.99999999999984,0.444366454611085,0.867964637174077,0.88873290922217
"493","G0493",0.217693538858341,0.99999999999984,0.642099818900588,0.942510699736762,0.435387077716682
"494","G0494",0,0,1,1,0
"495","G0495",0.275604100924853,0.99999999999984,0.700285449904414,0.942510699736762,0.551208201849705
"496","G0496",0.808397210117611,0.99999999999984,0.304843001504306,0.827522366547025,0.609686003008613
"497","G0497",0.391311914831312,0.99999999999984,0.157769200112892,0.788552829124754,0.315538400225783
"498","G0498",0.693054157807028,0.99999999999984,0.105151274806578,0.710488329556442,0.210302549613156
"499","G0499",0.320271188194549,0.99999999999984,0.825249513142171,0.974566535541428,0.640542376389099
"500","G0500",0.971522722470332,0.99999999999984,0.125995324713433,0.760349512251139,0.251990649426865
"501","G0501",0.848536817679734,0.99999999999984,0,0,0
"502","G0502",0.500542332200513,0.99999999999984,0.627862609638721,0.937108372595105,1
"503","G0503",0.738121911651693,0.99999999999984,0.450174834020427,0.867964637174077,0.900349668040854
"504","G0504",0.767122529801071,0.99999999999984,0.000377514415201174,0.0145362069215534,0.000755028830402349
"505","G0505",0.27573698426226,0.99999999999984,0.844156804969252,0.974566535541428,0.551473968524519
"506","G0506",0.758021970233306,0.99999999999984,0.416981554419952,0.865106959377495,0.833963108839905
"507","G0507",0.685129912048109,0.99999999999984,0.0588430351200461,0.632720807742431,0.117686070240092
"508","G0508",0.549548204358784,0.99999999999984,0.461492175623991,0.867964637174077,0.922984351247983
"509","G0509",0.488541821525338,0.99999999999984,0.0988568710090613,0.710488329556442,0.197713742018123
"510","G0510",0,0,0.999999999770228,1,0
"511","G0511",0.979636528382492,0.99999999999984,0.131987808821847,0.760349512251139,0.263975617643695
"512","G0512",0.983799402160313,0.99999999999984,0.0841115739002074,0.673726653712543,0.168223147800415
"513","G0513",0.224316654579507,0.99999999999984,0.832348609906275,0.974566535541428,0.448633309159014
"514","G0514",0.495890007515152,0.99999999999984,0.620701356581444,0.930859424780063,0.991780015030304
"515","G0515",0.700823594485912,0.99999999999984,0.347808173576671,0.830752190593453,0.695616347153342
"516","G0516",0.643282955051463,0.99999999999984,0.297756815901288,0.827522366547025,0.595513631802577
"517","G0517",0.880729730772249,0.99999999999984,0.384456238070607,0.854380177153963,0.768912476141213
"518","G0518",0.638498852024449,0.99999999999984,0.383030193218135,0.854380177153963,0.766060386436271
"519","G0519",0.438308950355441,0.99999999999984,0.490367353122432,0.883544780400779,0.876617900710881
"520","G0520",0.523333108714541,0.99999999999984,0.337894051561945,0.827948072481235,0.67578810312389
"521","G0521",0.278371076164897,0.99999999999984,0.55065305211593,0.911677238602534,0.556742152329794
"522","G0522",0.098735501500829,0.99999999999984,0.468322123986712,0.868621936986604,0.197471003001658
"523","G0523",0.429255897061751,0.99999999999984,0.499242735027705,0.891558320572546,0.858511794123502
"524","G0524",0.867549917366076,0.99999999999984,0.189359757826769,0.795051876188197,0.378719515653539
"525","G0525",0.114505610582758,0.99999999999984,0.955332657415802,1,0.229011221165515
"526","G0526",0.600439995547176,0.99999999999984,0.523570814930522,0.899442166076058,1
"527","G0527",0.671669403542325,0.99999999999984,0.0647494802491124,0.640822892223796,0.129498960498225
"528","G0528",0.365079801911653,0.99999999999984,0.788286497140372,0.964269377267786,0.730159603823307
"529","G0529",0.341714081281424,0.99999999999984,0.752238242260684,0.961138922478876,0.683428162562847
"530","G0530",0.625020283263047,0.99999999999984,0.754054035014198,0.961138922478876,1
"531","G0531",0.25005352662142,0.99999999999984,0.887927902791053,0.993751737879663,0.50010705324284
"532","G0532",0,0,0.999999999997043,1,0
"533","G0533",0.999935070686102,0.99999999999984,0,0,0
"534","G0534",0.457040476742382,0.99999999999984,0.581656084646146,0.921588294121922,0.914080953484763
"535","G0535",0.825919439265281,0.99999999999984,0.160545596631502,0.788552829124754,0.321091193263004
"536","G0536",0.136222239978081,0.99999999999984,0.775874903824898,0.963383133819216,0.272444479956161
"537","G0537",0.677392063749522,0.99999999999984,0.424810172901464,0.865151388773314,0.849620345802927
"538","G0538",0.937891688327384,0.99999999999984,0.140540811618774,0.776844100891482,0.281081623237547
"539","G0539",0.599976237978638,0.99999999999984,0.097178009185005,0.707432627386753,0.19435601837001
"540","G0540",0.89210071732546,0.99999999999984,0.395706666668171,0.865106959377495,0.791413333336342
"541","G0541",0.79970402394414,0.99999999999984,0.163518874056923,0.788552829124754,0.327037748113845
"542","G0542",0.457912685273894,0.99999999999984,0.7171008855797,0.949802497456556,0.915825370547788
"543","G0543",0.0322388981293796,0.489527325889637,0.775133776413444,0.963383133819216,0.0644777962587593
"544","G0544",0.592148098251102,0.99999999999984,0.525157552359447,0.899442166076058,1
"545","G0545",0.621445640451173,0.99999999999984,0.0679272265757224,0.640822892223796,0.135854453151445
"546","G0546",0.798706868052523,0.99999999999984,0.293249413332848,0.827522366547025,0.586498826665696
"547","G0547",0.0744606543409226,0.90203631511766,0.536289218899098,0.905893950843071,0.148921308681845
"548","G0548",0.960212488538156,0.99999999999984,0.155705941958606,0.788552829124754,0.311411883917211
"549","G0549",0.305499103379781,0.99999999999984,0.568544902100793,0.921588294121922,0.610998206759562
"550","G0550",0.386953477359049,0.99999999999984,0.742882575018776,0.961138922478876,0.773906954718099
"551","G0551",0.907499995857514,0.99999999999984,0.209138573334846,0.804379128210946,0.418277146669692
"552","G0552",0.385648331461951,0.99999999999984,0.504570759239202,0.891558320572546,0.771296662923902
"553","G0553",0.12975304124018,0.99999999999984,0.944707372938129,1,0.25950608248036
"554","G0554",0.380565877470055,0.99999999999984,0.846585748522289,0.974566535541428,0.761131754940109
"555","G0555",0.409229493564218,0.99999999999984,0.743276376186458,0.961138922478876,0.818458987128436
"556","G0556",0.402328047859154,0.99999999999984,0.705517471393669,0.94685209580996,0.804656095718308
"557","G0557",0.301054948871633,0.99999999999984,0.648056766638804,0.942510699736762,0.602109897743266
"558","G0558",0.373215580391325,0.99999999999984,0.310634083476538,0.827522366547025,0.621268166953076
"559","G0559",0.387340329070529,0.99999999999984,0.395117727320009,0.865106959377495,0.774680658141058
"560","G0560",0.220877698812032,0.99999999999984,0.848847452456584,0.974566535541428,0.441755397624064
"561","G0561",0.282498156329933,0.99999999999984,0.466864116952969,0.868621936986604,0.564996312659865
"562","G0562",0.849313120635249,0.99999999999984,0,0,0
"563","G0563",0.346026065484792,0.99999999999984,0.118490914950487,0.760349512251139,0.236981829900974
"564","G0564",0.676248372924834,0.99999999999984,0.278868017736457,0.827522366547025,0.557736035472915
"565","G0565",0.731123916072467,0.99999999999984,0.3304327215431,0.827522366547025,0.660865443086199
"566","G0566",0.992171998396611,0.99999999999984,0.00179460133710896,0.0512743239173988,0.00358920267421792
"567","G0567",0,0,0.999999999997043,1,0
"568","G0568",0.414935820565942,0.99999999999984,0.306549728812433,0.827522366547025,0.613099457624866
"569","G0569",0.00524377412807786,0.104875482561557,0.998355265576489,1,0.0104875482561557
"570","G0570",0,0,1,1,0
"571","G0571",0.508357427532262,0.99999999999984,0.3570737829954,0.837700463046347,0.714147565990801
"572","G0572",0.709686294990116,0.99999999999984,0.309178317844747,0.827522366547025,0.618356635689493
"573","G0573",0.663625392433016,0.99999999999984,0.426094786468682,0.865151388773314,0.852189572937364
"574","G0574",0.622739271879691,0.99999999999984,0.500685148571886,0.891558320572546,1
"575","G0575",0.482019555744836,0.99999999999984,0.569135586470072,0.921588294121922,0.964039111489673
"576","G0576",0.0757710504698834,0.90203631511766,0.915337204757557,1,0.151542100939767
"577","G0577",0.524661030532498,0.99999999999984,0.616680966230955,0.930199410327857,1
"578","G0578",0.699833431437081,0.99999999999984,0.0155891202958502,0.299790774920197,0.0311782405917005
"579","G0579",0.173670292479781,0.99999999999984,0.800167832246246,0.969392519664007,0.347340584959562
"580","G0580",0.432499111649199,0.99999999999984,0.729914371342096,0.95884881178408,0.864998223298399
"581","G0581",0.438664223135494,0.99999999999984,0.24724582551138,0.827522366547025,0.49449165102276
"582","G0582",0.85784137750067,0.99999999999984,0.0966974218911931,0.707432627386753,0.193394843782386
"583","G0583",0.426815577539929,0.99999999999984,0.106252731714076,0.713105581973664,0.212505463428152
"584","G0584",0.453608342863013,0.99999999999984,0.842764971788318,0.974566535541428,0.907216685726026
"585","G0585",0.848741123595748,0.99999999999984,0,0,0
"586","G0586",0.944774714981884,0.99999999999984,0.160513738035126,0.788552829124754,0.321027476070252
"587","G0587",0.705129374040155,0.99999999999984,0.649410671756151,0.942510699736762,1
"588","G0588",0.354285884570775,0.99999999999984,0.616812539222925,0.930199410327857,0.70857176914155
"589","G0589",0.949392420094429,0.99999999999984,0.000794508999462429,0.0278112883427384,0.00158901799892486
"590","G0590",0.930904936068509,0.99999999999984,0.146600387618869,0.788552829124754,0.293200775237738
"591","G0591",0.99446295671859,0.99999999999984,0.0426194168295091,0.520360718858989,0.0852388336590182
"592","G0592",0.733428181995931,0.99999999999984,0.0938600852159451,0.707432627386753,0.18772017043189
"593","G0593",0.692965571801055,0.99999999999984,0.222498320972429,0.825185098999994,0.444996641944857
"594","G0594",0.736182852687583,0.99999999999984,0.24825159520014,0.827522366547025,0.496503190400281
"595","G0595",0.971394381195405,0.99999999999984,0.131585668749509,0.760349512251139,0.263171337499018
"596","G0596",0.482590049062436,0.99999999999984,0.390638935932843,0.865106959377495,0.781277871865686
"597","G0597",0.95305408916897,0.99999999999984,0.205629436348964,0.79882051058624,0.411258872697929
"598","G0598",0.585815072942501,0.99999999999984,0.67218932887533,0.942510699736762,1
"599","G0599",0.358817805621296,0.99999999999984,0.203425120119171,0.79882051058624,0.406850240238342
"600","G0600",0.788651342080264,0.99999999999984,0.0408499073967283,0.510623842459104,0.0816998147934567
"601","G0601",0.932359096743421,0.99999999999984,0.123953027257573,0.760349512251139,0.247906054515146
"602","G0602",0.0890061669254619,0.99999999999984,0.963022011844311,1,0.178012333850924
"603","G0603",0.691031174061637,0.99999999999984,0.124317726847919,0.760349512251139,0.248635453695837
"604","G0604",0.99999999999984,0.99999999999984,0,0,0
"605","G0605",0.571735317686167,0.99999999999984,0.258877634280265,0.827522366547025,0.517755268560529
"606","G0606",0,0,0.999999995429117,1,0
"607","G0607",0.89970816777116,0.99999999999984,0.350577424430437,0.830752190593453,0.701154848860875
"608","G0608",0.652185202263076,0.99999999999984,0.602826255641572,0.927425008679341,1
"609","G0609",0.926775399039886,0.99999999999984,0.190327739397913,0.795051876188197,0.380655478795825
"610","G0610",0.769534677874088,0.99999999999984,0.238318706085245,0.827522366547025,0.47663741217049
"611","G0611",0.153966115355817,0.99999999999984,0.341334918938954,0.827948072481235,0.307932230711633
"612","G0612",0.263652268609956,0.99999999999984,0.69661631521101,0.942510699736762,0.527304537219912
"613","G0613",0.755174594361841,0.99999999999984,0.493084883994848,0.885251138231325,0.986169767989696
"614","G0614",0.870674233667998,0.99999999999984,0.424894825844123,0.865151388773314,0.849789651688247
"615","G0615",0.556013405223126,0.99999999999984,0.480362432469946,0.879144483581495,0.960724864939892
"616","G0616",0.97034340764535,0.99999999999984,0.165328524644079,0.791045572459707,0.330657049288157
"617","G0617",0.415551990629464,0.99999999999984,0.639034722721717,0.942510699736762,0.831103981258927
"618","G0618",0.127026049369524,0.99999999999984,0.714396932318991,0.948734305868514,0.254052098739047
"619","G0619",0.370096173124273,0.99999999999984,0.744809565241435,0.961138922478876,0.740192346248545
"620","G0620",0.926945386014854,0.99999999999984,0.000818510075073942,0.0278112883427384,0.00163702015014788
"621","G0621",0.9068946927494,0.99999999999984,0.31255040493118,0.827522366547025,0.625100809862361
"622","G0622",0.994363417872322,0.99999999999984,0.000345413174767439,0.01439221561531,0.000690826349534879
"623","G0623",0.577957568327019,0.99999999999984,0.265742881557874,0.827522366547025,0.531485763115749
"624","G0624",0.852886711027587,0.99999999999984,0.480803487529233,0.879144483581495,0.961606975058465
"625","G0625",0.96339547609355,0.99999999999984,0.204330764942505,0.79882051058624,0.40866152988501
"626","G0626",0.669483148890381,0.99999999999984,0.206894512241836,0.79882051058624,0.413789024483673
"627","G0627",0.849284020441914,0.99999999999984,0.303643976797693,0.827522366547025,0.607287953595385
"628","G0628",0.750545496652124,0.99999999999984,0.453219913574225,0.867964637174077,0.90643982714845
"629","G0629",0.681241745778163,0.99999999999984,0.0212618727716739,0.363615118886031,0.0425237455433478
"630","G0630",0.837299167395594,0.99999999999984,0.289537706867116,0.827522366547025,0.579075413734231
"631","G0631",0.38151597611841,0.99999999999984,0.711050179507219,0.948734305868514,0.763031952236819
"632","G0632",0.796278630950731,0.99999999999984,0.301441287941823,0.827522366547025,0.602882575883646
"633","G0633",0.748443636216713,0.99999999999984,0.155329275995604,0.788552829124754,0.310658551991208
"634","G0634",0.603966360952899,0.99999999999984,0.377830980078454,0.854380177153963,0.755661960156908
"635","G0635",0.551620356424133,0.99999999999984,0.601723682233567,0.927425008679341,1
"636","G0636",0.369328112120301,0.99999999999984,0.317449214061952,0.827522366547025,0.634898428123905
"637","G0637",0.269039922214961,0.99999999999984,0.545888937518525,0.910532864091183,0.538079844429921
"638","G0638",0.0900060536226844,0.99999999999984,0.924658427494562,1,0.180012107245369
"639","G0639",0.951781356862786,0.99999999999984,0.189261313650752,0.795051876188197,0.378522627301504
"640","G0640",0.695460216030962,0.99999999999984,0.326367467999177,0.827522366547025,0.652734935998354
"641","G0641",0.259553648577709,0.99999999999984,0.867901975881596,0.985277346846073,0.519107297155418
"642","G0642",0.395793292851015,0.99999999999984,0.654502979434212,0.942510699736762,0.79158658570203
"643","G0643",0.0415514768367427,0.620171296070786,0.951696301529862,1,0.0831029536734853
"644","G0644",0.0958362585779965,0.99999999999984,0.957932469467492,1,0.191672517155993
"645","G0645",0.722130497761051,0.99999999999984,0.0761564020946225,0.662980526573172,0.152312804189245
"646","G0646",0.972047433331845,0.99999999999984,0.128149219299184,0.760349512251139,0.256298438598368
"647","G0647",0,0,0.999999999999652,1,0
"648","G0648",0.0635951912652116,0.827708457911106,0.879442391522947,0.992450174363435,0.127190382530423
"649","G0649",0.381121798862255,0.99999999999984,0.176041471019447,0.795051876188197,0.352082942038894
"650","G0650",3.62708074685969e-09,1.07586717312813e-07,0.999999853446005,1,7.25416149371938e-09
"651","G0651",0.710763311502126,0.99999999999984,0.0747609012585824,0.661600896093649,0.149521802517165
"652","G0652",0.547028752069284,0.99999999999984,0.659405800335832,0.942510699736762,1
"653","G0653",0.25274022252975,0.99999999999984,0.698047936205065,0.942510699736762,0.5054804450595
"654","G0654",0.226320014405376,0.99999999999984,0.459587852694659,0.867964637174077,0.452640028810752
"655","G0655",0.130951952048491,0.99999999999984,0.947425131674555,1,0.261903904096982
"656","G0656",0.00978975901612267,0.174054084468223,0.904828592191833,1,0.0195795180322453
"657","G0657",0.296870103034596,0.99999999999984,0.922858721961522,1,0.593740206069192
"658","G0658",0.10961525103439,0.99999999999984,0.940355120499478,1,0.219230502068781
"659","G0659",0.626614919947856,0.99999999999984,0.563719854203319,0.921588294121922,1
"660","G0660",0.0445887999431943,0.651859328477825,0.864960579500908,0.984027963027199,0.0891775998863886
"661","G0661",0.877615890859256,0.99999999999984,0.149898104704217,0.788552829124754,0.299796209408435
"662","G0662",0,0,0.99999952070948,1,0
"663","G0663",0.978885401270987,0.99999999999984,0.0395881576422339,0.50748063585431,0.0791763152844678
"664","G0664",0.261016035066794,0.99999999999984,0.688965331417575,0.942510699736762,0.522032070133589
"665","G0665",0.488099750907744,0.99999999999984,0.108506535453032,0.723376903020216,0.217013070906065
"666","G0666",0.559662186291688,0.99999999999984,0.750712502627715,0.961138922478876,1
"667","G0667",0.0755286731878468,0.90203631511766,0.788813970181572,0.964269377267786,0.151057346375694
"668","G0668",0.515542444464981,0.99999999999984,0.213728228248579,0.806521616032373,0.427456456497158
"669","G0669",0.000326690166943644,0.00742477652144645,0.999695117611693,1,0.000653380333887288
"670","G0670",0.853524034400876,0.99999999999984,0.41299312602088,0.865106959377495,0.825986252041759
"671","G0671",0.980852657853225,0.99999999999984,0.121211737575522,0.760349512251139,0.242423475151045
"672","G0672",0.205587926536188,0.99999999999984,0.651629177485786,0.942510699736762,0.411175853072375
"673","G0673",0.723981522435459,0.99999999999984,0.300762382226103,0.827522366547025,0.601524764452206
"674","G0674",0.584673393322932,0.99999999999984,0.734008458546419,0.95884881178408,1
"675","G0675",0.954791814712063,0.99999999999984,0.00908994138540387,0.201998697453419,0.0181798827708077
"676","G0676",0.389236249395932,0.99999999999984,0.540675572432095,0.908698441062345,0.778472498791865
"677","G0677",0.204123817763023,0.99999999999984,0.697483542552903,0.942510699736762,0.408247635526046
"678","G0678",0.662145952692356,0.99999999999984,0.530670877984874,0.899442166076058,1
"679","G0679",0.92141498553459,0.99999999999984,0.0309746488955411,0.447490325833197,0.0619492977910823
"680","G0680",0.614145981459246,0.99999999999984,0.418312021227197,0.865151388773314,0.836624042454394
"681","G0681",0.541388509736353,0.99999999999984,0.0103890987713197,0.216439557735826,0.0207781975426393
"682","G0682",0.741176918564576,0.99999999999984,0.334719996688471,0.827522366547025,0.669439993376943
"683","G0683",0.408352795162641,0.99999999999984,0.318621419989378,0.827522366547025,0.637242839978756
"684","G0684",0.733616341950728,0.99999999999984,0.547230251318801,0.910532864091183,1
"685","G0685",0.47626808591354,0.99999999999984,0.52033292052016,0.899442166076058,0.95253617182708
"686","G0686",0.910702816262239,0.99999999999984,0.187477511119275,0.795051876188197,0.37495502223855
"687","G0687",0.314293513494052,0.99999999999984,0.748207907984745,0.961138922478876,0.628587026988104
"688","G0688",0.746049865144543,0.99999999999984,0.0932288170097176,0.707432627386753,0.186457634019435
"689","G0689",0.831716526789358,0.99999999999984,0.0489454656644281,0.564367076234599,0.0978909313288563
"690","G0690",0.821142616971516,0.99999999999984,0.32453855077397,0.827522366547025,0.64907710154794
"691","G0691",0.546006407381141,0.99999999999984,0.614675944600271,0.930199410327857,1
"692","G0692",0.00201247079174127,0.0419264748279432,0.999754965694621,1,0.00402494158348254
"693","G0693",0.555049789352798,0.99999999999984,0.482561494295356,0.880586668422182,0.965122988590711
"694","G0694",0.630748203094063,0.99999999999984,0.661960774235128,0.942510699736762,1
"695","G0695",0.317868928045017,0.99999999999984,0.789736619982316,0.964269377267786,0.635737856090033
"696","G0696",0.984731455530777,0.99999999999984,0.0357016692596543,0.482454989995329,0.0714033385193087
"697","G0697",0.714610189845346,0.99999999999984,0.409511775623746,0.865106959377495,0.819023551247491
"698","G0698",0.461439712835279,0.99999999999984,0.433514480207333,0.86624884057248,0.867028960414667
"699","G0699",0.960582924295253,0.99999999999984,0.197042621714177,0.797743407749706,0.394085243428355
"700","G0700",0.642195557728161,0.99999999999984,0.284371399805498,0.827522366547025,0.568742799610996
"701","G0701",0.109195827963296,0.99999999999984,0.484014947980778,0.881165850003735,0.218391655926592
"702","G0702",0.50540879876641,0.99999999999984,0.569377401908335,0.921588294121922,1
"703","G0703",0.849054913746205,0.99999999999984,0,0,0
"704","G0704",0.431103702203853,0.99999999999984,0.74815868156485,0.961138922478876,0.862207404407706
"705","G0705",0.86680425386327,0.99999999999984,0.442024355107882,0.867964637174077,0.884048710215764
"706","G0706",0.739290085943417,0.99999999999984,0.433807484392608,0.86624884057248,0.867614968785216
"707","G0707",0.467692050476955,0.99999999999984,0.600123180788651,0.927425008679341,0.935384100953909
"708","G0708",0.649947681708358,0.99999999999984,0.178441286504997,0.795051876188197,0.356882573009994
"709","G0709",0.769306691817845,0.99999999999984,0.0179664599145128,0.332712220639127,0.0359329198290257
"710","G0710",0.248026436702949,0.99999999999984,0.247367026355057,0.827522366547025,0.494734052710113
"711","G0711",0.556942057267097,0.99999999999984,0.617513055285259,0.930199410327857,1
"712","G0712",0.126253987756872,0.99999999999984,0.505405358017169,0.891558320572546,0.252507975513745
"713","G0713",0.0597292646919966,0.827708457911106,0.92814618688538,1,0.119458529383993
"714","G0714",0.199030516639812,0.99999999999984,0.538366857023964,0.907869910664357,0.398061033279624
"715","G0715",0.593099042365701,0.99999999999984,0.463086159536297,0.867964637174077,0.926172319072593
"716","G0716",0.669429443449134,0.99999999999984,0.334807609297151,0.827522366547025,0.669615218594302
"717","G0717",0.3362308928376,0.99999999999984,0.576445872928729,0.921588294121922,0.6724617856752
"718","G0718",0.854054218996273,0.99999999999984,0.192372727776537,0.795051876188197,0.384745455553074
"719","G0719",0.265171170220489,0.99999999999984,0.818793717434397,0.974230409224502,0.530342340440977
"720","G0720",0.461435286837326,0.99999999999984,0.177937616796886,0.795051876188197,0.355875233593772
"721","G0721",0.858760046660194,0.99999999999984,0.249101852396168,0.827522366547025,0.498203704792337
"722","G0722",0.934967172547238,0.99999999999984,0.10289689394254,0.710488329556442,0.20579378788508
"723","G0723",0.352907754658736,0.99999999999984,0.802524835291644,0.970404879433669,0.705815509317472
"724","G0724",0.173783009635857,0.99999999999984,0.68333721572603,0.942510699736762,0.347566019271714
"725","G0725",0.876328590864927,0.99999999999984,0.251432597920863,0.827522366547025,0.502865195841725
"726","G0726",0.342483414126054,0.99999999999984,0.827573021573656,0.974566535541428,0.684966828252109
"727","G0727",0.144457112487647,0.99999999999984,0.90806542259094,1,0.288914224975294
"728","G0728",0.582530292950789,0.99999999999984,0.121497066731421,0.760349512251139,0.242994133462842
"729","G0729",0.953177843225495,0.99999999999984,0.0836581980647521,0.673726653712543,0.167316396129504
"730","G0730",0.496735421175189,0.99999999999984,0.631460424697524,0.939673251037982,0.993470842350378
"731","G0731",0.280936029984513,0.99999999999984,0.901676026963933,1,0.561872059969026
"732","G0732",0.12255995718298,0.99999999999984,0.50193694878206,0.891558320572546,0.245119914365961
"733","G0733",0.263058563316478,0.99999999999984,0.847572038742281,0.974566535541428,0.526117126632955
"734","G0734",0.211817449218152,0.99999999999984,0.566362929550102,0.921588294121922,0.423634898436303
"735","G0735",0.983532371489422,0.99999999999984,0.0676722180030958,0.640822892223796,0.135344436006192
"736","G0736",0,0,0.999999999184656,1,0
"737","G0737",0.153944522265528,0.99999999999984,0.406359425945427,0.865106959377495,0.307889044531056
"738","G0738",0.829091224443991,0.99999999999984,0.353977088047317,0.835077952624981,0.707954176094634
"739","G0739",0.665602585251498,0.99999999999984,0.513903620663042,0.896864957527124,1
"740","G0740",0.370491124278793,0.99999999999984,0.461860623058313,0.867964637174077,0.740982248557586
"741","G0741",0.794452948953888,0.99999999999984,0.45618281872624,0.867964637174077,0.91236563745248
"742","G0742",0.90402318953681,0.99999999999984,0.27899724032681,0.827522366547025,0.55799448065362
"743","G0743",0.322614581138233,0.99999999999984,0.164018988457949,0.788552829124754,0.328037976915898
"744","G0744",0.933900472803908,0.99999999999984,0.14138562636225,0.776844100891482,0.282771252724499
"745","G0745",0.470860680429799,0.99999999999984,0.341194902943559,0.827948072481235,0.682389805887117
"746","G0746",0.820362016962961,0.99999999999984,0.0337092948537117,0.468184650745995,0.0674185897074233
"747","G0747",0.188354666611247,0.99999999999984,0.733364890737494,0.95884881178408,0.376709333222493
"748","G0748",0.830952481818866,0.99999999999984,0.466407531849955,0.868621936986604,0.932815063699909
"749","G0749",0.999235468734711,0.99999999999984,0.00981307145182519,0.213327640257069,0.0196261429036504
"750","G0750",0.954612649342103,0.99999999999984,0.0503899780454738,0.572613386880385,0.100779956090948
"751","G0751",0.375844714351898,0.99999999999984,0.681588611983979,0.942510699736762,0.751689428703796
"752","G0752",0.933289541975483,0.99999999999984,0.230627840575843,0.827522366547025,0.461255681151687
"753","G0753",0.999992259369234,0.99999999999984,0,0,0
"754","G0754",0.427981588787609,0.99999999999984,0.638635401334382,0.942510699736762,0.855963177575217
"755","G0755",0.811676780519345,0.99999999999984,0.360788540814738,0.839949429613044,0.721577081629477
"756","G0756",0.964669753938147,0.99999999999984,0.1484228754433,0.788552829124754,0.296845750886601
"757","G0757",0.199461934880111,0.99999999999984,0.737565762943968,0.95884881178408,0.398923869760222
"758","G0758",0.34318825368518,0.99999999999984,0.838319498320984,0.974566535541428,0.68637650737036
"759","G0759",0.846965522241153,0.99999999999984,0.147539382711955,0.788552829124754,0.29507876542391
"760","G0760",0.249535516653199,0.99999999999984,0.161943896410227,0.788552829124754,0.323887792820454
"761","G0761",0.586603889932147,0.99999999999984,0.113148230016652,0.744316324987356,0.226296460033305
"762","G0762",0.743489085123243,0.99999999999984,0.41033469384546,0.865106959377495,0.820669387690919
"763","G0763",0.371932925839949,0.99999999999984,0.369100875417535,0.846561640865906,0.73820175083507
"764","G0764",0.363281202419489,0.99999999999984,0.200090541613843,0.79882051058624,0.400181083227686
"765","G0765",0.523987822170926,0.99999999999984,0.0214310677349767,0.363615118886031,0.0428621354699534
"766","G0766",0.404063167405018,0.99999999999984,0.606154017934789,0.92856689962327,0.808126334810036
"767","G0767",0.137262846305376,0.99999999999984,0.909717607997747,1,0.274525692610752
"768","G0768",0.722198082711739,0.99999999999984,0.170928964895939,0.795051876188197,0.341857929791877
"769","G0769",0.71671149364783,0.99999999999984,0.656619383559345,0.942510699736762,1
"770","G0770",0.931304272177098,0.99999999999984,0.286176005423429,0.827522366547025,0.572352010846859
"771","G0771",0.518614953315977,0.99999999999984,0.407813541252616,0.865106959377495,0.815627082505232
"772","G0772",0.634991414456473,0.99999999999984,0.37891309415115,0.854380177153963,0.7578261883023
"773","G0773",0.747738712483204,0.99999999999984,0.596143173451245,0.927127796969277,1
"774","G0774",3.04933641026572e-06,8.02456950069927e-05,0.999998386205333,1,6.09867282053145e-06
"775","G0775",0.562530837909763,0.99999999999984,0.458496400037665,0.867964637174077,0.916992800075331
"776","G0776",0.722970742471879,0.99999999999984,0.520276438090545,0.899442166076058,1
"777","G0777",0.958124297675579,0.99999999999984,0.164011108541628,0.788552829124754,0.328022217083256
"778","G0778",0.6931871803852,0.99999999999984,0.200669767949344,0.79882051058624,0.401339535898688
"779","G0779",0.846193143018183,0.99999999999984,0.239237810229582,0.827522366547025,0.478475620459164
"780","G0780",0.895624858117441,0.99999999999984,0.0226073269021559,0.370121765842656,0.0452146538043119
"781","G0781",1.29239319246466e-09,4.16901029827309e-08,0.99999996557633,1,2.58478638492932e-09
"782","G0782",0.377044067903281,0.99999999999984,0.133061164643949,0.760349512251139,0.266122329287899
"783","G0783",0,0,0.99999999999705,1,0
"784","G0784",0.699868691246994,0.99999999999984,0.139636547117576,0.776844100891482,0.279273094235151
"785","G0785",0.162269702961932,0.99999999999984,0.788265810895372,0.964269377267786,0.324539405923865
"786","G0786",0.670076743382886,0.99999999999984,0.708068781260273,0.94685209580996,1
"787","G0787",0.583067181316374,0.99999999999984,0.682476441288411,0.942510699736762,1
"788","G0788",3.0268975104164e-09,9.45905472005126e-08,0.999999999952831,1,6.05379502083281e-09
"789","G0789",0.398565598983634,0.99999999999984,0.609645674868538,0.930199410327857,0.797131197967267
"790","G0790",0.94597909377726,0.99999999999984,0.0365824365512927,0.487765820683902,0.0731648731025853
"791","G0791",0.875981450117059,0.99999999999984,0.414357595437686,0.865106959377495,0.828715190875372
"792","G0792",0.996680040990982,0.99999999999984,0,0,0
"793","G0793",0.589633602557988,0.99999999999984,0.267979128348514,0.827522366547025,0.535958256697027
"794","G0794",0.00992108281468873,0.174054084468223,0.989613135268272,1,0.0198421656293775
"795","G0795",0.367576214602886,0.99999999999984,0.402939838431552,0.865106959377495,0.735152429205772
"796","G0796",0.651365673927673,0.99999999999984,0.175485170286001,0.795051876188197,0.350970340572002
"797","G0797",0.777139714367386,0.99999999999984,0.40504303961911,0.865106959377495,0.810086079238221
"798","G0798",0.10750186631286,0.99999999999984,0.768385384348098,0.961683835229159,0.21500373262572
"799","G0799",0,0,1,1,0
"800","G0800",0.451793585404467,0.99999999999984,0.157994689183085,0.788552829124754,0.315989378366171
"801","G0801",0.602145098746688,0.99999999999984,0.620712010777281,0.930859424780063,1
"802","G0802",0.727895160011188,0.99999999999984,0.185849666062627,0.795051876188197,0.371699332125254
"803","G0803",7.79618573532037e-05,0.0018562346988858,0.999885833033138,1,0.000155923714706407
"804","G0804",0.6749547342227,0.99999999999984,0.642226163377034,0.942510699736762,1
"805","G0805",0.183614891513293,0.99999999999984,0.81809767488951,0.974230409224502,0.367229783026585
"806","G0806",0.5218847746039,0.99999999999984,0.421928385609506,0.865151388773314,0.843856771219011
"807","G0807",0.325816060034064,0.99999999999984,0.168467261957619,0.791636669760649,0.336934523915239
"808","G0808",0.965885564653606,0.99999999999984,0.0957509030956405,0.707432627386753,0.191501806191281
"809","G0809",0.151721324787658,0.99999999999984,0.965899306350866,1,0.303442649575315
"810","G0810",0.313603809905939,0.99999999999984,0.837776839189576,0.974566535541428,0.627207619811878
"811","G0811",0.758540146645718,0.99999999999984,0.484641217502054,0.881165850003735,0.969282435004108
"812","G0812",0.13274354084316,0.99999999999984,0.154837880005915,0.788552829124754,0.265487081686321
"813","G0813",0.297299575754416,0.99999999999984,0.610661259157049,0.930199410327857,0.594599151508832
"814","G0814",0.867651756672392,0.99999999999984,0.249916408970151,0.827522366547025,0.499832817940302
"815","G0815",0.316100387502741,0.99999999999984,0.888909455602746,0.993751737879663,0.632200775005481
"816","G0816",0.148808749072966,0.99999999999984,0.952954872690954,1,0.297617498145932
"817","G0817",0.622223867019938,0.99999999999984,0.584822316911611,0.921588294121922,1
"818","G0818",0.469448674577433,0.99999999999984,0.848636541696208,0.974566535541428,0.938897349154867
"819","G0819",0.340235462863022,0.99999999999984,0.235200180015315,0.827522366547025,0.47040036003063
"820","G0820",0.683690061578688,0.99999999999984,0.58981650823803,0.921588294121922,1
"821","G0821",0.531644867096141,0.99999999999984,0.650447298721881,0.942510699736762,1
"822","G0822",0.736713043277302,0.99999999999984,0.336175444885433,0.827522366547025,0.672350889770866
"823","G0823",0.405983451204431,0.99999999999984,0.503591226046854,0.891558320572546,0.811966902408862
"824","G0824",0.425510879802355,0.99999999999984,0.286200001901046,0.827522366547025,0.572400003802092
"825","G0825",0,0,1,1,0
"826","G0826",0.52867778012117,0.99999999999984,0.52997765107693,0.899442166076058,1
"827","G0827",0.711510961854847,0.99999999999984,0.147353887922436,0.788552829124754,0.294707775844873
"828","G0828",0.234595316869235,0.99999999999984,0.785157254062661,0.963383133819216,0.469190633738471
"829","G0829",0.433580971237176,0.99999999999984,0.311180235316953,0.827522366547025,0.622360470633907
"830","G0830",0.657620119872998,0.99999999999984,0.222061906329398,0.825185098999994,0.444123812658796
"831","G0831",0.671235454989838,0.99999999999984,0.263562540851228,0.827522366547025,0.527125081702456
"832","G0832",0.929304362984839,0.99999999999984,0.205021592440415,0.79882051058624,0.41004318488083
"833","G0833",0.0732847790898707,0.90203631511766,0.934120225248858,1,0.146569558179741
"834","G0834",0.241080597648307,0.99999999999984,0.664013957796658,0.942510699736762,0.482161195296613
"835","G0835",0.106936989536721,0.99999999999984,0.686901936643426,0.942510699736762,0.213873979073443
"836","G0836",0.678580026879941,0.99999999999984,0.399222887170431,0.865106959377495,0.798445774340862
"837","G0837",0.935547786574976,0.99999999999984,0.180666039246925,0.795051876188197,0.361332078493851
"838","G0838",0.424612685721666,0.99999999999984,0.547228132204265,0.910532864091183,0.849225371443332
"839","G0839",0.559683872884226,0.99999999999984,0.274318540783622,0.827522366547025,0.548637081567244
"840","G0840",0.50417792176943,0.99999999999984,0.182514574424849,0.795051876188197,0.365029148849698
"841","G0841",0.311035027613247,0.99999999999984,0.676491052933313,0.942510699736762,0.622070055226494
"842","G0842",0.732967346955616,0.99999999999984,0.140883124838182,0.776844100891482,0.281766249676365
"843","G0843",0.513700151663861,0.99999999999984,0.354908129865617,0.835077952624981,0.709816259731233
"844","G0844",0.472122923101801,0.99999999999984,0.492937158431986,0.885251138231325,0.944245846203603
"845","G0845",0,0,1,1,0
"846","G0846",0.711268191342694,0.99999999999984,0.186150500827782,0.795051876188197,0.372301001655565
"847","G0847",0.341716743751182,0.99999999999984,0.856238094092287,0.977912916219679,0.683433487502363
"848","G0848",0.926274745046553,0.99999999999984,0.325606804038977,0.827522366547025,0.651213608077954
"849","G0849",0.0606419465289298,0.827708457911106,0.735900787229905,0.95884881178408,0.12128389305786
"850","G0850",0.999999999999023,0.99999999999984,0,0,0
"851","G0851",0.630482094950853,0.99999999999984,0.358015801255669,0.837700463046347,0.716031602511339
"852","G0852",0.847212131222345,0.99999999999984,0.43219083983278,0.86624884057248,0.86438167966556
"853","G0853",0.11546331085115,0.99999999999984,0.0396472961896424,0.50748063585431,0.0792945923792847
"854","G0854",0.727203737968033,0.99999999999984,0.167160269763666,0.791636669760649,0.334320539527331
"855","G0855",0.853987388958094,0.99999999999984,0.254443269836417,0.827522366547025,0.508886539672833
"856","G0856",0.185420685257067,0.99999999999984,0.779405050512455,0.963383133819216,0.370841370514135
"857","G0857",0.412028470916434,0.99999999999984,0.731273216503211,0.95884881178408,0.824056941832869
"858","G0858",0.117832102833456,0.99999999999984,0.480892032519078,0.879144483581495,0.235664205666912
"859","G0859",0.230567068314594,0.99999999999984,0.784538696300357,0.963383133819216,0.461134136629187
"860","G0860",0.244123838287192,0.99999999999984,0.737695473944653,0.95884881178408,0.488247676574384
"861","G0861",0.320914419751671,0.99999999999984,0.174810127118468,0.795051876188197,0.349620254236935
"862","G0862",0.125043119762073,0.99999999999984,0.318941967005185,0.827522366547025,0.250086239524146
"863","G0863",0.730815356128177,0.99999999999984,0.0301477099440586,0.447490325833197,0.0602954198881172
"864","G0864",0.249277430285657,0.99999999999984,0.587171973617565,0.921588294121922,0.498554860571315
"865","G0865",0.382273723842131,0.99999999999984,0.777422050898374,0.963383133819216,0.764547447684263
"866","G0866",0.994103299967824,0.99999999999984,0.000834338650282151,0.0278112883427384,0.0016686773005643
"867","G0867",0.503061348156591,0.99999999999984,0.584065728447528,0.921588294121922,1
"868","G0868",0.735796450267683,0.99999999999984,0.463493116250957,0.867964637174077,0.926986232501914
"869","G0869",0.770862466254258,0.99999999999984,0.0746538076294929,0.661600896093649,0.149307615258986
"870","G0870",0.0107712893638169,0.18571188558305,0.335775359807596,0.827522366547025,0.0215425787276338
"871","G0871",0.960924215318716,0.99999999999984,0.0616909740447249,0.640822892223796,0.12338194808945
"872","G0872",0.887428912815046,0.99999999999984,0.201750696747079,0.79882051058624,0.403501393494158
"873","G0873",0.131934233886012,0.99999999999984,0.403710870899059,0.865106959377495,0.263868467772024
"874","G0874",1.47245177661848e-06,3.97959939626616e-05,0.999999952398669,1,2.94490355323695e-06
"875","G0875",0.325738108200975,0.99999999999984,0.235216984736513,0.827522366547025,0.470433969473027
"876","G0876",0.509440668394159,0.99999999999984,0.349370435241994,0.830752190593453,0.698740870483987
"877","G0877",0.80525802403029,0.99999999999984,0.370542011600668,0.847171594480555,0.741084023201336
"878","G0878",0.321440676271247,0.99999999999984,0.0794806470340211,0.673726653712543,0.158961294068042
"879","G0879",0.113932428652085,0.99999999999984,0.807929047067134,0.972732344120491,0.227864857304169
"880","G0880",0.940826089724237,0.99999999999984,0.141075221911816,0.776844100891482,0.282150443823631
"881","G0881",0.547086116398119,0.99999999999984,0.707424292110074,0.94685209580996,1
"882","G0882",0.116340217343247,0.99999999999984,0.937785564967623,1,0.232680434686495
"883","G0883",0.58338764553742,0.99999999999984,0.306007789349248,0.827522366547025,0.612015578698496
"884","G0884",0.999998895627108,0.99999999999984,0,0,0
"885","G0885",0.691657778800155,0.99999999999984,0.564363531962976,0.921588294121922,1
"886","G0886",0.0637335512591551,0.827708457911106,0.943197275783646,1,0.12746710251831
"887","G0887",0.865294614968912,0.99999999999984,0.344009035518188,0.829038352371444,0.688018071036376
"888","G0888",0.772942956617978,0.99999999999984,0.267334471755524,0.827522366547025,0.534668943511047
"889","G0889",0.93540170541638,0.99999999999984,0.0848895583677804,0.673726653712543,0.169779116735561
"890","G0890",0.530068705843284,0.99999999999984,0.195209625878851,0.795051876188197,0.390419251757702
"891","G0891",0.3730777806076,0.99999999999984,0.193479531973395,0.795051876188197,0.386959063946791
"892","G0892",0.641359831171104,0.99999999999984,0.694515418827699,0.942510699736762,1
"893","G0893",0.979107680706513,0.99999999999984,0.0345346413442716,0.473077278688653,0.0690692826885433
"894","G0894",0.0017304119285958,0.0368172750765064,0.99682480519334,1,0.0034608238571916
"895","G0895",0.726184507667555,0.99999999999984,0.306138357575021,0.827522366547025,0.612276715150041
"896","G0896",0.999086398567597,0.99999999999984,3.36115427980177e-05,0.00146137142600077,6.72230855960354e-05
"897","G0897",0,0,1,1,0
"898","G0898",0.607079937823464,0.99999999999984,0.546755118992339,0.910532864091183,1
"899","G0899",0.489267793914562,0.99999999999984,0.600746214210582,0.927425008679341,0.978535587829124
"900","G0900",0.0794974738223295,0.935264397909759,0.940834378452558,1,0.158994947644659
"901","G0901",0.689013460950429,0.99999999999984,0.253587262461069,0.827522366547025,0.507174524922138
"902","G0902",0.800241649912068,0.99999999999984,0.308263361809379,0.827522366547025,0.616526723618758
"903","G0903",0.12323953681754,0.99999999999984,0.159399849508942,0.788552829124754,0.246479073635079
"904","G0904",0.627993922180648,0.99999999999984,0.620883236328302,0.930859424780063,1
"905","G0905",0.442196578110059,0.99999999999984,0.645644819787075,0.942510699736762,0.884393156220118
"906","G0906",0.401771398537881,0.99999999999984,0.0011518362606695,0.035994883145922,0.00230367252133901
"907","G0907",0.933384911917915,0.99999999999984,0.094235454762614,0.707432627386753,0.188470909525228
"908","G0908",0.426787535644185,0.99999999999984,0.821276234976255,0.974230409224502,0.853575071288369
"909","G0909",0.480398878305889,0.99999999999984,0.132527061923189,0.760349512251139,0.265054123846377
"910","G0910",0.572101461012113,0.99999999999984,0.553707896861125,0.915219664233264,1
"911","G0911",0.760205820824365,0.99999999999984,0.573617860476682,0.921588294121922,1
"912","G0912",0.502060225063758,0.99999999999984,0.530376295540254,0.899442166076058,1
"913","G0913",0.99999995980161,0.99999999999984,3.58285626944621e-07,1.70612203306962e-05,7.16571253889242e-07
"914","G0914",0.230435593317289,0.99999999999984,0.883836804361008,0.993376664300362,0.460871186634577
"915","G0915",0.149574140148923,0.99999999999984,0.644292983181969,0.942510699736762,0.299148280297846
"916","G0916",0.356719176931551,0.99999999999984,0.672286602606405,0.942510699736762,0.713438353863101
"917","G0917",0,0,0.999999985774079,1,0
"918","G0918",0.188800250131387,0.99999999999984,0.921358620067563,1,0.377600500262774
"919","G0919",0.799387878267743,0.99999999999984,0.426914908954337,0.865151388773314,0.853829817908673
"920","G0920",0.952442732626337,0.99999999999984,0.0312307097172804,0.447490325833197,0.0624614194345607
"921","G0921",0.449359192788865,0.99999999999984,0.77140529247233,0.962978574270562,0.898718385577731
"922","G0922",0.441558882498919,0.99999999999984,0.0840458272280908,0.673726653712543,0.168091654456182
"923","G0923",0.178739731962095,0.99999999999984,0.698920880461113,0.942510699736762,0.357479463924191
"924","G0924",0.287246501669965,0.99999999999984,0.815071980977013,0.973984781388785,0.57449300333993
"925","G0925",0.375971084896345,0.99999999999984,0.325294420719408,0.827522366547025,0.650588841438815
"926","G0926",0.205454157150104,0.99999999999984,0.42284215358453,0.865151388773314,0.410908314300208
"927","G0927",0.829315918676233,0.99999999999984,0.302873982536901,0.827522366547025,0.605747965073802
"928","G0928",0.910864385531342,0.99999999999984,0.231685813207976,0.827522366547025,0.463371626415952
"929","G0929",0.718780601161048,0.99999999999984,0.524557132118436,0.899442166076058,1
"930","G0930",3.66520189953867e-06,9.3979535885607e-05,0.999999717796359,1,7.33040379907735e-06
"931","G0931",0.108231661410802,0.99999999999984,0.640193631495964,0.942510699736762,0.216463322821605
"932","G0932",0.750910189283044,0.99999999999984,0.0762427605559147,0.662980526573172,0.152485521111829
"933","G0933",0.999710980660884,0.99999999999984,0,0,0
"934","G0934",0.40022668123801,0.99999999999984,0.127696447803445,0.760349512251139,0.255392895606889
"935","G0935",0.51340658891558,0.99999999999984,0.780579746554476,0.963383133819216,1
"936","G0936",0.833235205959135,0.99999999999984,0.00196972859465772,0.0547146831849366,0.00393945718931543
"937","G0937",0.904574159965254,0.99999999999984,0.0197577576422241,0.359231957131347,0.0395155152844482
"938","G0938",0.0318391066951036,0.489527325889637,0.575635362772784,0.921588294121922,0.0636782133902072
"939","G0939",0.733675677613703,0.99999999999984,0.384471079719284,0.854380177153963,0.768942159438567
"940","G0940",0.908648145521825,0.99999999999984,0.00324425313178722,0.0831859777381339,0.00648850626357445
"941","G0941",0.250109804622962,0.99999999999984,0.724847426704681,0.958792892466509,0.500219609245923
"942","G0942",0,0,1,1,0
"943","G0943",0.424615911200479,0.99999999999984,0.783298947762785,0.963383133819216,0.849231822400958
"944","G0944",0.904627897539862,0.99999999999984,0.205911972403792,0.79882051058624,0.411823944807584
"945","G0945",0.568173757619048,0.99999999999984,0.00102765989945774,0.0331503193373466,0.00205531979891549
"946","G0946",0.503393475748226,0.99999999999984,0.24134561404561,0.827522366547025,0.482691228091221
"947","G0947",0.166500816659474,0.99999999999984,0.91940300576394,1,0.333001633318948
"948","G0948",0.395132238370188,0.99999999999984,0.0667881522607756,0.640822892223796,0.133576304521551
"949","G0949",0.443714663276269,0.99999999999984,0.521828980593993,0.899442166076058,0.887429326552537
"950","G0950",0,0,0.999999994524448,1,0
"951","G0951",0.931615493562061,0.99999999999984,0.168618610659018,0.791636669760649,0.337237221318036
"952","G0952",0,0,0.99999999999999,1,0
"953","G0953",0.214522271164678,0.99999999999984,0.325989139483463,0.827522366547025,0.429044542329356
"954","G0954",0.961985246314359,0.99999999999984,0.0330583837201253,0.465611038311623,0.0661167674402505
"955","G0955",0.864733230551575,0.99999999999984,0.153160062468132,0.788552829124754,0.306320124936264
"956","G0956",0.893817859101327,0.99999999999984,0.0613788865773438,0.640822892223796,0.122757773154688
"957","G0957",0.946339338496347,0.99999999999984,0.232583863630409,0.827522366547025,0.465167727260818
"958","G0958",0.961544047066902,0.99999999999984,0.113880397723065,0.744316324987356,0.227760795446131
"959","G0959",0.582151751192444,0.99999999999984,0.310019006430741,0.827522366547025,0.620038012861482
"960","G0960",0.804686184038385,0.99999999999984,0.00142785398321277,0.0419957053886108,0.00285570796642554
"961","G0961",0.378280897456888,0.99999999999984,0.617652408457697,0.930199410327857,0.756561794913777
"962","G0962",0.737026415363213,0.99999999999984,0.0489585802496521,0.564367076234599,0.0979171604993041
"963","G0963",0.541725881689887,0.99999999999984,0.815225262022413,0.973984781388785,1
"964","G0964",0.658752679426684,0.99999999999984,0.680669799133193,0.942510699736762,1
"965","G0965",0,0,0.999999999999789,1,0
"966","G0966",0.520813804717932,0.99999999999984,0.674470838134303,0.942510699736762,1
"967","G0967",0.82804778822284,0.99999999999984,0.270838732712645,0.827522366547025,0.54167746542529
"968","G0968",0.561429622658449,0.99999999999984,0.416963919757909,0.865106959377495,0.833927839515819
"969","G0969",0.548654190005815,0.99999999999984,0.292474377066753,0.827522366547025,0.584948754133505
"970","G0970",0.198900763659887,0.99999999999984,0.59783809451602,0.927425008679341,0.397801527319773
"971","G0971",0.587243844591339,0.99999999999984,0.330618653579765,0.827522366547025,0.66123730715953
"972","G0972",0.338482205602437,0.99999999999984,0.838196222026925,0.974566535541428,0.676964411204873
"973","G0973",0.491908707925649,0.99999999999984,0.423260967763323,0.865151388773314,0.846521935526646
"974","G0974",0.488488188031184,0.99999999999984,0.68442643609046,0.942510699736762,0.976976376062369
"975","G0975",0.320500731827432,0.99999999999984,0.831314169232859,0.974566535541428,0.641001463654865
"976","G0976",0.617400026297704,0.99999999999984,0.531736542306731,0.899723421838801,1
"977","G0977",0.295228758651468,0.99999999999984,0.444103941422483,0.867964637174077,0.590457517302936
"978","G0978",0.930185553392053,0.99999999999984,0.199348274814908,0.79882051058624,0.398696549629815
"979","G0979",0.682759427360857,0.99999999999984,0.646528962263659,0.942510699736762,1
"980","G0980",0.999943152577569,0.99999999999984,0.000377941379960389,0.0145362069215534,0.000755882759920778
"981","G0981",0.354531107666667,0.99999999999984,0.782134802790741,0.963383133819216,0.709062215333335
"982","G0982",0.275957492040616,0.99999999999984,0.704724334012055,0.94685209580996,0.551914984081233
"983","G0983",0.605932137730871,0.99999999999984,0.450232215869451,0.867964637174077,0.900464431738903
"984","G0984",0.121507980228919,0.99999999999984,0.903387499790693,1,0.243015960457838
"985","G0985",0.374459696849024,0.99999999999984,0.274656481262485,0.827522366547025,0.549312962524969
"986","G0986",0.224450640603807,0.99999999999984,0.767818205892689,0.961683835229159,0.448901281207615
"987","G0987",1.91046160669117e-07,5.45846173340335e-06,0.999999970436104,1,3.82092321338234e-07
"988","G0988",0.956653319487176,0.99999999999984,0.212938597387701,0.806521616032373,0.425877194775403
"989","G0989",0.567459381799872,0.99999999999984,0.506107234729042,0.891558320572546,1
"990","G0990",0.547795441340474,0.99999999999984,0.813844834446073,0.973984781388785,1
"991","G0991",0,0,1,1,0
"992","G0992",0.510766167303204,0.99999999999984,0.329497249195784,0.827522366547025,0.658994498391567
"993","G0993",0.43607011285615,0.99999999999984,0.662004620636606,0.942510699736762,0.8721402257123
"994","G0994",0.0322267130640643,0.489527325889637,0.960665695314387,1,0.0644534261281287
"995","G0995",0.0054587260963187,0.107033845025857,0.972717919265517,1,0.0109174521926374
"996","G0996",0.603432624911674,0.99999999999984,0.344879954586521,0.829038352371444,0.689759909173042
"997","G0997",0.883642211471373,0.99999999999984,0.276152603802866,0.827522366547025,0.552305207605732
"998","G0998",0.760322394739602,0.99999999999984,0.102537917350135,0.710488329556442,0.20507583470027
"999","G0999",0.393283626177626,0.99999999999984,0.593609023834742,0.926067119866992,0.786567252355252
"1000","G1000",0.687239696159232,0.99999999999984,0.47614595903156,0.876561512934367,0.952291918063121
